#
# There is insufficient memory for the Java Runtime Environment to continue.
# Native memory allocation (malloc) failed to allocate 1049152 bytes. Error detail: Chunk::new
# Possible reasons:
#   The system is out of physical RAM or swap space
#   This process is running with CompressedOops enabled, and the Java Heap may be blocking the growth of the native heap
# Possible solutions:
#   Reduce memory load on the system
#   Increase physical memory or swap space
#   Check if swap backing store is full
#   Decrease Java heap size (-Xmx/-Xms)
#   Decrease number of Java threads
#   Decrease Java thread stack sizes (-Xss)
#   Set larger code cache with -XX:ReservedCodeCacheSize=
#   JVM is running with Unscaled Compressed Oops mode in which the Java heap is
#     placed in the first 4GB address space. The Java Heap base address is the
#     maximum limit for the native heap growth. Please use -XX:HeapBaseMinAddress
#     to set the Java Heap base and to place the Java Heap above 4GB virtual address.
# This output file may be truncated or incomplete.
#
#  Out of Memory Error (arena.cpp:168), pid=34000, tid=36668
#
# JRE version: OpenJDK Runtime Environment (21.0.8) (build 21.0.8+-14196175-b1038.72)
# Java VM: OpenJDK 64-Bit Server VM (21.0.8+-14196175-b1038.72, mixed mode, tiered, compressed oops, compressed class ptrs, g1 gc, windows-amd64)
# No core dump will be written. Minidumps are not enabled by default on client versions of Windows
#

---------------  S U M M A R Y ------------

Command Line: --add-opens=java.base/java.lang=ALL-UNNAMED --add-opens=java.base/java.lang.invoke=ALL-UNNAMED --add-opens=java.base/java.util=ALL-UNNAMED --add-opens=java.prefs/java.util.prefs=ALL-UNNAMED --add-exports=jdk.compiler/com.sun.tools.javac.api=ALL-UNNAMED --add-exports=jdk.compiler/com.sun.tools.javac.util=ALL-UNNAMED --add-opens=java.base/java.util=ALL-UNNAMED --add-opens=java.prefs/java.util.prefs=ALL-UNNAMED --add-opens=java.base/java.nio.charset=ALL-UNNAMED --add-opens=java.base/java.net=ALL-UNNAMED --add-opens=java.base/java.util.concurrent.atomic=ALL-UNNAMED --add-opens=java.xml/javax.xml.namespace=ALL-UNNAMED -Xmx2048m -Dfile.encoding=UTF-8 -Duser.country=US -Duser.language=en -Duser.variant -javaagent:C:\Users\hrithikjoshi\.gradle\wrapper\dists\gradle-8.13-bin\5xuhj0ry160q40clulazy9h7d\gradle-8.13\lib\agents\gradle-instrumentation-agent-8.13.jar org.gradle.launcher.daemon.bootstrap.GradleDaemon 8.13

Host: 13th Gen Intel(R) Core(TM) i5-1345U, 12 cores, 15G,  Windows 11 , 64 bit Build 26100 (10.0.26100.7705)
Time: Sun Mar  8 15:50:06 2026 India Standard Time elapsed time: 100.031998 seconds (0d 0h 1m 40s)

---------------  T H R E A D  ---------------

Current thread (0x000002206eae9ff0):  JavaThread "C2 CompilerThread2" daemon [_thread_in_native, id=36668, stack(0x000000cf33200000,0x000000cf33300000) (1024K)]


Current CompileTask:
C2:100032 25194       4       com.android.tools.r8.internal.l32::a (2024 bytes)

Stack: [0x000000cf33200000,0x000000cf33300000]
Native frames: (J=compiled Java code, j=interpreted, Vv=VM code, C=native code)
V  [jvm.dll+0x6d68d9]
V  [jvm.dll+0x866693]
V  [jvm.dll+0x868c4e]
V  [jvm.dll+0x869333]
V  [jvm.dll+0x280566]
V  [jvm.dll+0xc07cd]
V  [jvm.dll+0xc0d03]
V  [jvm.dll+0x3b961b]
V  [jvm.dll+0x1df9a4]
V  [jvm.dll+0x2493a4]
V  [jvm.dll+0x248821]
V  [jvm.dll+0x1c73a4]
V  [jvm.dll+0x257f9e]
V  [jvm.dll+0x2564e6]
V  [jvm.dll+0x3f4696]
V  [jvm.dll+0x80eac8]
V  [jvm.dll+0x6d512d]
C  [ucrtbase.dll+0x37b0]
C  [KERNEL32.DLL+0x2e8d7]
C  [ntdll.dll+0x8c40c]


---------------  P R O C E S S  ---------------

Threads class SMR info:
_java_thread_list=0x0000022067cfb970, length=182, elements={
0x000002204f52ed40, 0x0000022067176cc0, 0x0000022067179c80, 0x000002206717a6e0,
0x00000220671a5f40, 0x00000220671b7b80, 0x00000220671b85e0, 0x00000220671b9040,
0x00000220671b9dd0, 0x00000220671ba870, 0x00000220675b24c0, 0x000002206d1bb0f0,
0x000002206d06c100, 0x000002206d13a0b0, 0x000002206d161c60, 0x000002206d1622d0,
0x000002206d2cc440, 0x000002206d2ce510, 0x000002206d2cf8c0, 0x000002206d2ccad0,
0x000002206d2cd160, 0x000002206d2cd7f0, 0x000002206d2ceba0, 0x000002206d2cde80,
0x000002206de112e0, 0x000002206de0ff30, 0x000002206de105c0, 0x000002206de10c50,
0x000002206de11970, 0x000002206de12000, 0x000002206de0f8a0, 0x000002206de0f210,
0x000002206de14df0, 0x000002206de12690, 0x000002206de140d0, 0x000002206de14760,
0x000002206de161a0, 0x000002206de15480, 0x000002206de15b10, 0x000002206de12d20,
0x000002206de133b0, 0x000002207130b8e0, 0x000002207130b250, 0x0000022071308af0,
0x000002207130a530, 0x0000022071309ea0, 0x000002207130abc0, 0x000002207130bf70,
0x000002207130c600, 0x0000022071309180, 0x000002207130cc90, 0x0000022071309810,
0x000002207130d320, 0x0000022071310110, 0x000002207130e040, 0x000002206f053070,
0x000002206f055e60, 0x000002206f054420, 0x000002206f0557d0, 0x000002206f054ab0,
0x000002206f055140, 0x000002206f0564f0, 0x000002206f056b80, 0x000002206f053700,
0x000002206f057210, 0x000002206f053d90, 0x000002206f059970, 0x000002206f05a000,
0x000002206f0585c0, 0x000002206f0578a0, 0x000002206f0592e0, 0x000002206f057f30,
0x000002206f058c50, 0x000002206f05a690, 0x0000022067895600, 0x0000022067894250,
0x00000220678948e0, 0x0000022067895c90, 0x0000022067896320, 0x0000022067893bc0,
0x0000022067894f70, 0x0000022067a34020, 0x0000022067a31230, 0x0000022067a318c0,
0x0000022067a31f50, 0x0000022067a325e0, 0x0000022067a33300, 0x0000022067a32c70,
0x0000022067a374a0, 0x0000022067a353d0, 0x000002206f1e6010, 0x0000022067a35a60,
0x0000022067a37b30, 0x0000022067a346b0, 0x000002206f1e9490, 0x000002206f1e66a0,
0x000002206f1ea1b0, 0x000002206f1e6d30, 0x000002206f1e8770, 0x000002206f1eaed0,
0x000002206f1ea840, 0x000002206f1eb560, 0x000002206f1ebbf0, 0x000002206f1ec910,
0x000002206fd323e0, 0x000002206fd309a0, 0x000002206fd33100, 0x000002206fd33e20,
0x000002206fd344b0, 0x000002206fd34b40, 0x000002206fd33790, 0x000002206fd316c0,
0x000002206fd351d0, 0x000002206fd31d50, 0x000002206fd372a0, 0x000002206fd31030,
0x000002206fd36580, 0x000002206fd35ef0, 0x000002206fd35860, 0x000002206fd36c10,
0x000002206fd37fc0, 0x000002206fd37930, 0x000002206eafa440, 0x000002206eafaad0,
0x000002206eaf8370, 0x000002206eaf9090, 0x000002206eaf7ce0, 0x000002206eaf9720,
0x000002206eafb7f0, 0x000002206eaf9db0, 0x000002206eafbe80, 0x000002206eaf8a00,
0x000002206eafd230, 0x000002206eafdf50, 0x000002206eafe5e0, 0x000002206eafc510,
0x000002206eafec70, 0x00000220720339e0, 0x0000022072031280, 0x0000022072030560,
0x0000022072034070, 0x0000022072031910, 0x0000022070f03a20, 0x0000022070f01fe0,
0x0000022070f01950, 0x0000022070f040b0, 0x0000022070f00c30, 0x0000022070f04740,
0x0000022070f02d00, 0x0000022070f05460, 0x0000022070f05af0, 0x0000022070f04dd0,
0x0000022070f02670, 0x0000022070f06180, 0x0000022070f03390, 0x0000022070f08250,
0x0000022070f08f70, 0x0000022070f07530, 0x0000022070f09600, 0x0000022070f07bc0,
0x0000022070f088e0, 0x0000022070f06ea0, 0x0000022070f09c90, 0x0000022070f06810,
0x0000022070f0a9b0, 0x0000022070f0c3f0, 0x0000022070f0d7a0, 0x0000022070f0b040,
0x0000022070f0ca80, 0x0000022070f0b6d0, 0x0000022070f0d110, 0x0000022070f0a320,
0x0000022070f0eb50, 0x0000022070f0f1e0, 0x0000022070f0de30, 0x0000022070f0e4c0,
0x0000022070f0bd60, 0x000002206fd32a70, 0x000002206f1ec280, 0x0000022071012850,
0x000002206eaead90, 0x000002206eae9ff0
}

Java Threads: ( => current thread )
  0x000002204f52ed40 JavaThread "main"                              [_thread_blocked, id=22972, stack(0x000000cf33500000,0x000000cf33600000) (1024K)]
  0x0000022067176cc0 JavaThread "Common-Cleaner"             daemon [_thread_blocked, id=35708, stack(0x000000cf33d00000,0x000000cf33e00000) (1024K)]
  0x0000022067179c80 JavaThread "Reference Handler"          daemon [_thread_blocked, id=45044, stack(0x000000cf33e00000,0x000000cf33f00000) (1024K)]
  0x000002206717a6e0 JavaThread "Finalizer"                  daemon [_thread_blocked, id=19884, stack(0x000000cf33f00000,0x000000cf34000000) (1024K)]
  0x00000220671a5f40 JavaThread "Signal Dispatcher"          daemon [_thread_blocked, id=27556, stack(0x000000cf34000000,0x000000cf34100000) (1024K)]
  0x00000220671b7b80 JavaThread "Attach Listener"            daemon [_thread_blocked, id=9500, stack(0x000000cf34100000,0x000000cf34200000) (1024K)]
  0x00000220671b85e0 JavaThread "Service Thread"             daemon [_thread_blocked, id=29124, stack(0x000000cf34200000,0x000000cf34300000) (1024K)]
  0x00000220671b9040 JavaThread "Monitor Deflation Thread"   daemon [_thread_blocked, id=43408, stack(0x000000cf34300000,0x000000cf34400000) (1024K)]
  0x00000220671b9dd0 JavaThread "C2 CompilerThread0"         daemon [_thread_in_native, id=7776, stack(0x000000cf34400000,0x000000cf34500000) (1024K)]
  0x00000220671ba870 JavaThread "C1 CompilerThread0"         daemon [_thread_blocked, id=44724, stack(0x000000cf34500000,0x000000cf34600000) (1024K)]
  0x00000220675b24c0 JavaThread "Notification Thread"        daemon [_thread_blocked, id=7376, stack(0x000000cf34600000,0x000000cf34700000) (1024K)]
  0x000002206d1bb0f0 JavaThread "Daemon health stats"               [_thread_blocked, id=43652, stack(0x000000cf34f00000,0x000000cf35000000) (1024K)]
  0x000002206d06c100 JavaThread "Incoming local TCP Connector on port 64891"        [_thread_in_native, id=3724, stack(0x000000cf34700000,0x000000cf34800000) (1024K)]
  0x000002206d13a0b0 JavaThread "Daemon periodic checks"            [_thread_blocked, id=42128, stack(0x000000cf35000000,0x000000cf35100000) (1024K)]
  0x000002206d161c60 JavaThread "Daemon"                            [_thread_blocked, id=44692, stack(0x000000cf35100000,0x000000cf35200000) (1024K)]
  0x000002206d1622d0 JavaThread "Handler for socket connection from /127.0.0.1:64891 to /127.0.0.1:64892"        [_thread_in_native, id=15040, stack(0x000000cf35200000,0x000000cf35300000) (1024K)]
  0x000002206d2cc440 JavaThread "Cancel handler"                    [_thread_blocked, id=44560, stack(0x000000cf35300000,0x000000cf35400000) (1024K)]
  0x000002206d2ce510 JavaThread "Daemon worker"                     [_thread_blocked, id=39392, stack(0x000000cf35400000,0x000000cf35500000) (1024K)]
  0x000002206d2cf8c0 JavaThread "Asynchronous log dispatcher for DefaultDaemonConnection: socket connection from /127.0.0.1:64891 to /127.0.0.1:64892"        [_thread_blocked, id=35824, stack(0x000000cf35500000,0x000000cf35600000) (1024K)]
  0x000002206d2ccad0 JavaThread "Stdin handler"                     [_thread_blocked, id=13896, stack(0x000000cf35600000,0x000000cf35700000) (1024K)]
  0x000002206d2cd160 JavaThread "Daemon client event forwarder"        [_thread_blocked, id=2064, stack(0x000000cf35700000,0x000000cf35800000) (1024K)]
  0x000002206d2cd7f0 JavaThread "Cache worker for journal cache (C:\Users\hrithikjoshi\.gradle\caches\journal-1)"        [_thread_blocked, id=36116, stack(0x000000cf35c00000,0x000000cf35d00000) (1024K)]
  0x000002206d2ceba0 JavaThread "File lock request listener"        [_thread_in_native, id=22844, stack(0x000000cf35d00000,0x000000cf35e00000) (1024K)]
  0x000002206d2cde80 JavaThread "Cache worker for file hash cache (C:\Users\hrithikjoshi\.gradle\caches\8.13\fileHashes)"        [_thread_blocked, id=44308, stack(0x000000cf35e00000,0x000000cf35f00000) (1024K)]
  0x000002206de112e0 JavaThread "Cache worker for file hash cache (C:\Users\hrithikjoshi\AndroidStudioProjects\Solvo\.gradle\8.13\fileHashes)"        [_thread_blocked, id=42552, stack(0x000000cf36000000,0x000000cf36100000) (1024K)]
  0x000002206de0ff30 JavaThread "Cache worker for Build Output Cleanup Cache (C:\Users\hrithikjoshi\AndroidStudioProjects\Solvo\.gradle\buildOutputCleanup)"        [_thread_blocked, id=42632, stack(0x000000cf36100000,0x000000cf36200000) (1024K)]
  0x000002206de105c0 JavaThread "File watcher server"        daemon [_thread_in_native, id=14008, stack(0x000000cf36200000,0x000000cf36300000) (1024K)]
  0x000002206de10c50 JavaThread "File watcher consumer"      daemon [_thread_blocked, id=8988, stack(0x000000cf36300000,0x000000cf36400000) (1024K)]
  0x000002206de11970 JavaThread "jar transforms"                    [_thread_blocked, id=2028, stack(0x000000cf36400000,0x000000cf36500000) (1024K)]
  0x000002206de12000 JavaThread "jar transforms Thread 2"           [_thread_blocked, id=23196, stack(0x000000cf36500000,0x000000cf36600000) (1024K)]
  0x000002206de0f8a0 JavaThread "Cache worker for checksums cache (C:\Users\hrithikjoshi\AndroidStudioProjects\Solvo\.gradle\8.13\checksums)"        [_thread_blocked, id=44552, stack(0x000000cf36700000,0x000000cf36800000) (1024K)]
  0x000002206de0f210 JavaThread "Cache worker for file content cache (C:\Users\hrithikjoshi\.gradle\caches\8.13\fileContent)"        [_thread_blocked, id=7404, stack(0x000000cf36800000,0x000000cf36900000) (1024K)]
  0x000002206de14df0 JavaThread "jar transforms Thread 3"           [_thread_blocked, id=37272, stack(0x000000cf36900000,0x000000cf36a00000) (1024K)]
  0x000002206de12690 JavaThread "Cache worker for cache directory md-supplier (C:\Users\hrithikjoshi\.gradle\caches\8.13\md-supplier)"        [_thread_blocked, id=26124, stack(0x000000cf36a00000,0x000000cf36b00000) (1024K)]
  0x000002206de140d0 JavaThread "Cache worker for cache directory md-rule (C:\Users\hrithikjoshi\.gradle\caches\8.13\md-rule)"        [_thread_blocked, id=11672, stack(0x000000cf36b00000,0x000000cf36c00000) (1024K)]
  0x000002206de14760 JavaThread "Unconstrained build operations"        [_thread_blocked, id=1984, stack(0x000000cf35f00000,0x000000cf36000000) (1024K)]
  0x000002206de161a0 JavaThread "Unconstrained build operations Thread 2"        [_thread_blocked, id=6180, stack(0x000000cf36600000,0x000000cf36700000) (1024K)]
  0x000002206de15480 JavaThread "Unconstrained build operations Thread 3"        [_thread_blocked, id=29312, stack(0x000000cf36c00000,0x000000cf36d00000) (1024K)]
  0x000002206de15b10 JavaThread "Unconstrained build operations Thread 4"        [_thread_blocked, id=43900, stack(0x000000cf36d00000,0x000000cf36e00000) (1024K)]
  0x000002206de12d20 JavaThread "Unconstrained build operations Thread 5"        [_thread_blocked, id=22840, stack(0x000000cf36e00000,0x000000cf36f00000) (1024K)]
  0x000002206de133b0 JavaThread "Unconstrained build operations Thread 6"        [_thread_blocked, id=26120, stack(0x000000cf36f00000,0x000000cf37000000) (1024K)]
  0x000002207130b8e0 JavaThread "Unconstrained build operations Thread 7"        [_thread_blocked, id=44164, stack(0x000000cf37000000,0x000000cf37100000) (1024K)]
  0x000002207130b250 JavaThread "Unconstrained build operations Thread 8"        [_thread_blocked, id=3480, stack(0x000000cf37100000,0x000000cf37200000) (1024K)]
  0x0000022071308af0 JavaThread "Unconstrained build operations Thread 9"        [_thread_blocked, id=31640, stack(0x000000cf37200000,0x000000cf37300000) (1024K)]
  0x000002207130a530 JavaThread "Unconstrained build operations Thread 10"        [_thread_blocked, id=25756, stack(0x000000cf37300000,0x000000cf37400000) (1024K)]
  0x0000022071309ea0 JavaThread "jar transforms Thread 4"           [_thread_blocked, id=31092, stack(0x000000cf37500000,0x000000cf37600000) (1024K)]
  0x000002207130abc0 JavaThread "jar transforms Thread 5"           [_thread_blocked, id=2112, stack(0x000000cf37600000,0x000000cf37700000) (1024K)]
  0x000002207130bf70 JavaThread "Unconstrained build operations Thread 11"        [_thread_blocked, id=16972, stack(0x000000cf37700000,0x000000cf37800000) (1024K)]
  0x000002207130c600 JavaThread "Unconstrained build operations Thread 12"        [_thread_blocked, id=31572, stack(0x000000cf37800000,0x000000cf37900000) (1024K)]
  0x0000022071309180 JavaThread "Unconstrained build operations Thread 13"        [_thread_blocked, id=43196, stack(0x000000cf37900000,0x000000cf37a00000) (1024K)]
  0x000002207130cc90 JavaThread "Unconstrained build operations Thread 14"        [_thread_blocked, id=3208, stack(0x000000cf37a00000,0x000000cf37b00000) (1024K)]
  0x0000022071309810 JavaThread "Unconstrained build operations Thread 15"        [_thread_blocked, id=9108, stack(0x000000cf37b00000,0x000000cf37c00000) (1024K)]
  0x000002207130d320 JavaThread "jar transforms Thread 6"           [_thread_blocked, id=45020, stack(0x000000cf37c00000,0x000000cf37d00000) (1024K)]
  0x0000022071310110 JavaThread "jar transforms Thread 7"           [_thread_blocked, id=44776, stack(0x000000cf37d00000,0x000000cf37e00000) (1024K)]
  0x000002207130e040 JavaThread "jar transforms Thread 8"           [_thread_blocked, id=44760, stack(0x000000cf37e00000,0x000000cf37f00000) (1024K)]
  0x000002206f053070 JavaThread "Unconstrained build operations Thread 16"        [_thread_blocked, id=37372, stack(0x000000cf37f00000,0x000000cf38000000) (1024K)]
  0x000002206f055e60 JavaThread "Unconstrained build operations Thread 17"        [_thread_blocked, id=20956, stack(0x000000cf38000000,0x000000cf38100000) (1024K)]
  0x000002206f054420 JavaThread "Unconstrained build operations Thread 18"        [_thread_blocked, id=43368, stack(0x000000cf38100000,0x000000cf38200000) (1024K)]
  0x000002206f0557d0 JavaThread "Unconstrained build operations Thread 19"        [_thread_blocked, id=2320, stack(0x000000cf38200000,0x000000cf38300000) (1024K)]
  0x000002206f054ab0 JavaThread "Unconstrained build operations Thread 20"        [_thread_blocked, id=23820, stack(0x000000cf38300000,0x000000cf38400000) (1024K)]
  0x000002206f055140 JavaThread "Unconstrained build operations Thread 21"        [_thread_blocked, id=43740, stack(0x000000cf38400000,0x000000cf38500000) (1024K)]
  0x000002206f0564f0 JavaThread "Unconstrained build operations Thread 22"        [_thread_blocked, id=44240, stack(0x000000cf38500000,0x000000cf38600000) (1024K)]
  0x000002206f056b80 JavaThread "Unconstrained build operations Thread 23"        [_thread_blocked, id=32496, stack(0x000000cf38600000,0x000000cf38700000) (1024K)]
  0x000002206f053700 JavaThread "Unconstrained build operations Thread 24"        [_thread_blocked, id=18224, stack(0x000000cf38700000,0x000000cf38800000) (1024K)]
  0x000002206f057210 JavaThread "Unconstrained build operations Thread 25"        [_thread_blocked, id=2384, stack(0x000000cf38800000,0x000000cf38900000) (1024K)]
  0x000002206f053d90 JavaThread "Unconstrained build operations Thread 26"        [_thread_blocked, id=35932, stack(0x000000cf38900000,0x000000cf38a00000) (1024K)]
  0x000002206f059970 JavaThread "Unconstrained build operations Thread 27"        [_thread_in_Java, id=44052, stack(0x000000cf38a00000,0x000000cf38b00000) (1024K)]
  0x000002206f05a000 JavaThread "Unconstrained build operations Thread 28"        [_thread_blocked, id=18104, stack(0x000000cf38b00000,0x000000cf38c00000) (1024K)]
  0x000002206f0585c0 JavaThread "Unconstrained build operations Thread 29"        [_thread_in_Java, id=21916, stack(0x000000cf38c00000,0x000000cf38d00000) (1024K)]
  0x000002206f0578a0 JavaThread "Unconstrained build operations Thread 30"        [_thread_in_Java, id=4040, stack(0x000000cf38d00000,0x000000cf38e00000) (1024K)]
  0x000002206f0592e0 JavaThread "Unconstrained build operations Thread 31"        [_thread_in_Java, id=19280, stack(0x000000cf38e00000,0x000000cf38f00000) (1024K)]
  0x000002206f057f30 JavaThread "Unconstrained build operations Thread 32"        [_thread_in_Java, id=11904, stack(0x000000cf38f00000,0x000000cf39000000) (1024K)]
  0x000002206f058c50 JavaThread "Unconstrained build operations Thread 33"        [_thread_in_Java, id=43980, stack(0x000000cf39000000,0x000000cf39100000) (1024K)]
  0x000002206f05a690 JavaThread "Unconstrained build operations Thread 34"        [_thread_in_Java, id=32076, stack(0x000000cf39100000,0x000000cf39200000) (1024K)]
  0x0000022067895600 JavaThread "Unconstrained build operations Thread 35"        [_thread_blocked, id=41028, stack(0x000000cf39200000,0x000000cf39300000) (1024K)]
  0x0000022067894250 JavaThread "Unconstrained build operations Thread 36"        [_thread_blocked, id=25200, stack(0x000000cf39300000,0x000000cf39400000) (1024K)]
  0x00000220678948e0 JavaThread "Unconstrained build operations Thread 37"        [_thread_in_Java, id=10572, stack(0x000000cf39400000,0x000000cf39500000) (1024K)]
  0x0000022067895c90 JavaThread "Unconstrained build operations Thread 38"        [_thread_in_Java, id=13616, stack(0x000000cf39500000,0x000000cf39600000) (1024K)]
  0x0000022067896320 JavaThread "Unconstrained build operations Thread 39"        [_thread_blocked, id=33956, stack(0x000000cf39600000,0x000000cf39700000) (1024K)]
  0x0000022067893bc0 JavaThread "Unconstrained build operations Thread 40"        [_thread_blocked, id=1172, stack(0x000000cf39700000,0x000000cf39800000) (1024K)]
  0x0000022067894f70 JavaThread "Unconstrained build operations Thread 41"        [_thread_blocked, id=44148, stack(0x000000cf39800000,0x000000cf39900000) (1024K)]
  0x0000022067a34020 JavaThread "Unconstrained build operations Thread 42"        [_thread_blocked, id=12020, stack(0x000000cf39900000,0x000000cf39a00000) (1024K)]
  0x0000022067a31230 JavaThread "Unconstrained build operations Thread 43"        [_thread_blocked, id=16984, stack(0x000000cf39a00000,0x000000cf39b00000) (1024K)]
  0x0000022067a318c0 JavaThread "Unconstrained build operations Thread 44"        [_thread_blocked, id=44412, stack(0x000000cf39b00000,0x000000cf39c00000) (1024K)]
  0x0000022067a31f50 JavaThread "Unconstrained build operations Thread 45"        [_thread_blocked, id=28884, stack(0x000000cf39c00000,0x000000cf39d00000) (1024K)]
  0x0000022067a325e0 JavaThread "Unconstrained build operations Thread 46"        [_thread_blocked, id=39448, stack(0x000000cf39d00000,0x000000cf39e00000) (1024K)]
  0x0000022067a33300 JavaThread "Unconstrained build operations Thread 47"        [_thread_in_Java, id=3456, stack(0x000000cf39e00000,0x000000cf39f00000) (1024K)]
  0x0000022067a32c70 JavaThread "Unconstrained build operations Thread 48"        [_thread_in_Java, id=24616, stack(0x000000cf39f00000,0x000000cf3a000000) (1024K)]
  0x0000022067a374a0 JavaThread "build event listener"              [_thread_blocked, id=7196, stack(0x000000cf37400000,0x000000cf37500000) (1024K)]
  0x0000022067a353d0 JavaThread "Memory manager"                    [_thread_blocked, id=26116, stack(0x000000cf3a100000,0x000000cf3a200000) (1024K)]
  0x000002206f1e6010 JavaThread "build event listener"              [_thread_blocked, id=17892, stack(0x000000cf3a000000,0x000000cf3a100000) (1024K)]
  0x0000022067a35a60 JavaThread "included builds"                   [_thread_blocked, id=40732, stack(0x000000cf3a300000,0x000000cf3a400000) (1024K)]
  0x0000022067a37b30 JavaThread "Execution worker"                  [_thread_blocked, id=4504, stack(0x000000cf3a400000,0x000000cf3a500000) (1024K)]
  0x0000022067a346b0 JavaThread "Execution worker Thread 2"         [_thread_in_Java, id=44844, stack(0x000000cf3a500000,0x000000cf3a600000) (1024K)]
  0x000002206f1e9490 JavaThread "Execution worker Thread 3"         [_thread_blocked, id=23900, stack(0x000000cf3a600000,0x000000cf3a700000) (1024K)]
  0x000002206f1e66a0 JavaThread "Execution worker Thread 4"         [_thread_blocked, id=44616, stack(0x000000cf3a700000,0x000000cf3a800000) (1024K)]
  0x000002206f1ea1b0 JavaThread "Execution worker Thread 5"         [_thread_blocked, id=6176, stack(0x000000cf3a800000,0x000000cf3a900000) (1024K)]
  0x000002206f1e6d30 JavaThread "Execution worker Thread 6"         [_thread_blocked, id=31700, stack(0x000000cf3a900000,0x000000cf3aa00000) (1024K)]
  0x000002206f1e8770 JavaThread "Execution worker Thread 7"         [_thread_blocked, id=9604, stack(0x000000cf3aa00000,0x000000cf3ab00000) (1024K)]
  0x000002206f1eaed0 JavaThread "Execution worker Thread 8"         [_thread_blocked, id=2200, stack(0x000000cf3ab00000,0x000000cf3ac00000) (1024K)]
  0x000002206f1ea840 JavaThread "Execution worker Thread 9"         [_thread_blocked, id=2580, stack(0x000000cf3ac00000,0x000000cf3ad00000) (1024K)]
  0x000002206f1eb560 JavaThread "Execution worker Thread 10"        [_thread_blocked, id=37576, stack(0x000000cf3ad00000,0x000000cf3ae00000) (1024K)]
  0x000002206f1ebbf0 JavaThread "Execution worker Thread 11"        [_thread_blocked, id=10648, stack(0x000000cf3ae00000,0x000000cf3af00000) (1024K)]
  0x000002206f1ec910 JavaThread "Cache worker for execution history cache (C:\Users\hrithikjoshi\AndroidStudioProjects\Solvo\.gradle\8.13\executionHistory)"        [_thread_blocked, id=3948, stack(0x000000cf3af00000,0x000000cf3b000000) (1024K)]
  0x000002206fd323e0 JavaThread "Unconstrained build operations Thread 49"        [_thread_blocked, id=37720, stack(0x000000cf3a200000,0x000000cf3a300000) (1024K)]
  0x000002206fd309a0 JavaThread "Unconstrained build operations Thread 50"        [_thread_blocked, id=3048, stack(0x000000cf3b000000,0x000000cf3b100000) (1024K)]
  0x000002206fd33100 JavaThread "Unconstrained build operations Thread 51"        [_thread_blocked, id=44208, stack(0x000000cf3b100000,0x000000cf3b200000) (1024K)]
  0x000002206fd33e20 JavaThread "Unconstrained build operations Thread 52"        [_thread_blocked, id=27316, stack(0x000000cf3b200000,0x000000cf3b300000) (1024K)]
  0x000002206fd344b0 JavaThread "Unconstrained build operations Thread 53"        [_thread_blocked, id=20396, stack(0x000000cf3b300000,0x000000cf3b400000) (1024K)]
  0x000002206fd34b40 JavaThread "Unconstrained build operations Thread 54"        [_thread_blocked, id=8200, stack(0x000000cf3b400000,0x000000cf3b500000) (1024K)]
  0x000002206fd33790 JavaThread "Unconstrained build operations Thread 55"        [_thread_blocked, id=42328, stack(0x000000cf3b500000,0x000000cf3b600000) (1024K)]
  0x000002206fd316c0 JavaThread "Unconstrained build operations Thread 56"        [_thread_blocked, id=19640, stack(0x000000cf3b600000,0x000000cf3b700000) (1024K)]
  0x000002206fd351d0 JavaThread "Unconstrained build operations Thread 57"        [_thread_blocked, id=27004, stack(0x000000cf3b700000,0x000000cf3b800000) (1024K)]
  0x000002206fd31d50 JavaThread "Unconstrained build operations Thread 58"        [_thread_blocked, id=44640, stack(0x000000cf3b800000,0x000000cf3b900000) (1024K)]
  0x000002206fd372a0 JavaThread "Unconstrained build operations Thread 59"        [_thread_blocked, id=29932, stack(0x000000cf3b900000,0x000000cf3ba00000) (1024K)]
  0x000002206fd31030 JavaThread "Unconstrained build operations Thread 60"        [_thread_blocked, id=40356, stack(0x000000cf3ba00000,0x000000cf3bb00000) (1024K)]
  0x000002206fd36580 JavaThread "Unconstrained build operations Thread 61"        [_thread_blocked, id=42132, stack(0x000000cf3bb00000,0x000000cf3bc00000) (1024K)]
  0x000002206fd35ef0 JavaThread "Unconstrained build operations Thread 62"        [_thread_blocked, id=44492, stack(0x000000cf3bc00000,0x000000cf3bd00000) (1024K)]
  0x000002206fd35860 JavaThread "Unconstrained build operations Thread 63"        [_thread_blocked, id=44536, stack(0x000000cf3bd00000,0x000000cf3be00000) (1024K)]
  0x000002206fd36c10 JavaThread "Unconstrained build operations Thread 64"        [_thread_blocked, id=32856, stack(0x000000cf3be00000,0x000000cf3bf00000) (1024K)]
  0x000002206fd37fc0 JavaThread "Unconstrained build operations Thread 65"        [_thread_blocked, id=13880, stack(0x000000cf3bf00000,0x000000cf3c000000) (1024K)]
  0x000002206fd37930 JavaThread "Unconstrained build operations Thread 66"        [_thread_blocked, id=44452, stack(0x000000cf3c000000,0x000000cf3c100000) (1024K)]
  0x000002206eafa440 JavaThread "Unconstrained build operations Thread 67"        [_thread_blocked, id=42292, stack(0x000000cf3c100000,0x000000cf3c200000) (1024K)]
  0x000002206eafaad0 JavaThread "Unconstrained build operations Thread 68"        [_thread_blocked, id=31196, stack(0x000000cf3c200000,0x000000cf3c300000) (1024K)]
  0x000002206eaf8370 JavaThread "Unconstrained build operations Thread 69"        [_thread_blocked, id=19204, stack(0x000000cf3c300000,0x000000cf3c400000) (1024K)]
  0x000002206eaf9090 JavaThread "Unconstrained build operations Thread 70"        [_thread_blocked, id=44868, stack(0x000000cf3c400000,0x000000cf3c500000) (1024K)]
  0x000002206eaf7ce0 JavaThread "Unconstrained build operations Thread 71"        [_thread_blocked, id=42092, stack(0x000000cf3c500000,0x000000cf3c600000) (1024K)]
  0x000002206eaf9720 JavaThread "Unconstrained build operations Thread 72"        [_thread_blocked, id=6808, stack(0x000000cf3c600000,0x000000cf3c700000) (1024K)]
  0x000002206eafb7f0 JavaThread "Unconstrained build operations Thread 73"        [_thread_blocked, id=21360, stack(0x000000cf3c700000,0x000000cf3c800000) (1024K)]
  0x000002206eaf9db0 JavaThread "Unconstrained build operations Thread 74"        [_thread_blocked, id=43800, stack(0x000000cf3c800000,0x000000cf3c900000) (1024K)]
  0x000002206eafbe80 JavaThread "Unconstrained build operations Thread 75"        [_thread_blocked, id=44216, stack(0x000000cf3c900000,0x000000cf3ca00000) (1024K)]
  0x000002206eaf8a00 JavaThread "Unconstrained build operations Thread 76"        [_thread_blocked, id=3656, stack(0x000000cf3ca00000,0x000000cf3cb00000) (1024K)]
  0x000002206eafd230 JavaThread "Unconstrained build operations Thread 77"        [_thread_blocked, id=21672, stack(0x000000cf3cb00000,0x000000cf3cc00000) (1024K)]
  0x000002206eafdf50 JavaThread "Unconstrained build operations Thread 78"        [_thread_blocked, id=32384, stack(0x000000cf3cc00000,0x000000cf3cd00000) (1024K)]
  0x000002206eafe5e0 JavaThread "Unconstrained build operations Thread 79"        [_thread_blocked, id=6732, stack(0x000000cf3cd00000,0x000000cf3ce00000) (1024K)]
  0x000002206eafc510 JavaThread "Unconstrained build operations Thread 80"        [_thread_blocked, id=2692, stack(0x000000cf3ce00000,0x000000cf3cf00000) (1024K)]
  0x000002206eafec70 JavaThread "Unconstrained build operations Thread 81"        [_thread_blocked, id=36084, stack(0x000000cf3cf00000,0x000000cf3d000000) (1024K)]
  0x00000220720339e0 JavaThread "Unconstrained build operations Thread 82"        [_thread_blocked, id=27588, stack(0x000000cf3d100000,0x000000cf3d200000) (1024K)]
  0x0000022072031280 JavaThread "Unconstrained build operations Thread 83"        [_thread_blocked, id=3036, stack(0x000000cf3d200000,0x000000cf3d300000) (1024K)]
  0x0000022072030560 JavaThread "Unconstrained build operations Thread 84"        [_thread_blocked, id=36876, stack(0x000000cf3d300000,0x000000cf3d400000) (1024K)]
  0x0000022072034070 JavaThread "Unconstrained build operations Thread 85"        [_thread_blocked, id=37612, stack(0x000000cf3d400000,0x000000cf3d500000) (1024K)]
  0x0000022072031910 JavaThread "Unconstrained build operations Thread 86"        [_thread_blocked, id=44056, stack(0x000000cf3d500000,0x000000cf3d600000) (1024K)]
  0x0000022070f03a20 JavaThread "Unconstrained build operations Thread 87"        [_thread_blocked, id=42988, stack(0x000000cf3d600000,0x000000cf3d700000) (1024K)]
  0x0000022070f01fe0 JavaThread "Unconstrained build operations Thread 88"        [_thread_blocked, id=44276, stack(0x000000cf3d700000,0x000000cf3d800000) (1024K)]
  0x0000022070f01950 JavaThread "Unconstrained build operations Thread 89"        [_thread_blocked, id=9464, stack(0x000000cf3d800000,0x000000cf3d900000) (1024K)]
  0x0000022070f040b0 JavaThread "Unconstrained build operations Thread 90"        [_thread_blocked, id=15160, stack(0x000000cf3d900000,0x000000cf3da00000) (1024K)]
  0x0000022070f00c30 JavaThread "Unconstrained build operations Thread 91"        [_thread_blocked, id=18176, stack(0x000000cf3da00000,0x000000cf3db00000) (1024K)]
  0x0000022070f04740 JavaThread "Unconstrained build operations Thread 92"        [_thread_blocked, id=43848, stack(0x000000cf3db00000,0x000000cf3dc00000) (1024K)]
  0x0000022070f02d00 JavaThread "Unconstrained build operations Thread 93"        [_thread_blocked, id=40496, stack(0x000000cf3dc00000,0x000000cf3dd00000) (1024K)]
  0x0000022070f05460 JavaThread "Unconstrained build operations Thread 94"        [_thread_blocked, id=4184, stack(0x000000cf3dd00000,0x000000cf3de00000) (1024K)]
  0x0000022070f05af0 JavaThread "Unconstrained build operations Thread 95"        [_thread_blocked, id=28432, stack(0x000000cf3de00000,0x000000cf3df00000) (1024K)]
  0x0000022070f04dd0 JavaThread "Unconstrained build operations Thread 96"        [_thread_blocked, id=12140, stack(0x000000cf3df00000,0x000000cf3e000000) (1024K)]
  0x0000022070f02670 JavaThread "Unconstrained build operations Thread 97"        [_thread_blocked, id=34760, stack(0x000000cf3e000000,0x000000cf3e100000) (1024K)]
  0x0000022070f06180 JavaThread "Unconstrained build operations Thread 98"        [_thread_blocked, id=16596, stack(0x000000cf3e100000,0x000000cf3e200000) (1024K)]
  0x0000022070f03390 JavaThread "Unconstrained build operations Thread 99"        [_thread_blocked, id=34924, stack(0x000000cf3e200000,0x000000cf3e300000) (1024K)]
  0x0000022070f08250 JavaThread "Unconstrained build operations Thread 100"        [_thread_blocked, id=44460, stack(0x000000cf3e300000,0x000000cf3e400000) (1024K)]
  0x0000022070f08f70 JavaThread "Unconstrained build operations Thread 101"        [_thread_blocked, id=39508, stack(0x000000cf3e400000,0x000000cf3e500000) (1024K)]
  0x0000022070f07530 JavaThread "Unconstrained build operations Thread 102"        [_thread_blocked, id=25388, stack(0x000000cf3e500000,0x000000cf3e600000) (1024K)]
  0x0000022070f09600 JavaThread "Unconstrained build operations Thread 103"        [_thread_blocked, id=38292, stack(0x000000cf3e600000,0x000000cf3e700000) (1024K)]
  0x0000022070f07bc0 JavaThread "Unconstrained build operations Thread 104"        [_thread_blocked, id=45036, stack(0x000000cf3e700000,0x000000cf3e800000) (1024K)]
  0x0000022070f088e0 JavaThread "Unconstrained build operations Thread 105"        [_thread_blocked, id=7592, stack(0x000000cf3e800000,0x000000cf3e900000) (1024K)]
  0x0000022070f06ea0 JavaThread "Unconstrained build operations Thread 106"        [_thread_blocked, id=34892, stack(0x000000cf3e900000,0x000000cf3ea00000) (1024K)]
  0x0000022070f09c90 JavaThread "Unconstrained build operations Thread 107"        [_thread_blocked, id=43812, stack(0x000000cf3ea00000,0x000000cf3eb00000) (1024K)]
  0x0000022070f06810 JavaThread "Unconstrained build operations Thread 108"        [_thread_blocked, id=23936, stack(0x000000cf3eb00000,0x000000cf3ec00000) (1024K)]
  0x0000022070f0a9b0 JavaThread "Unconstrained build operations Thread 109"        [_thread_blocked, id=33052, stack(0x000000cf3ec00000,0x000000cf3ed00000) (1024K)]
  0x0000022070f0c3f0 JavaThread "Unconstrained build operations Thread 110"        [_thread_blocked, id=28136, stack(0x000000cf3ed00000,0x000000cf3ee00000) (1024K)]
  0x0000022070f0d7a0 JavaThread "Unconstrained build operations Thread 111"        [_thread_blocked, id=12192, stack(0x000000cf3ee00000,0x000000cf3ef00000) (1024K)]
  0x0000022070f0b040 JavaThread "Unconstrained build operations Thread 112"        [_thread_blocked, id=24188, stack(0x000000cf3ef00000,0x000000cf3f000000) (1024K)]
  0x0000022070f0ca80 JavaThread "Unconstrained build operations Thread 113"        [_thread_blocked, id=22188, stack(0x000000cf3f000000,0x000000cf3f100000) (1024K)]
  0x0000022070f0b6d0 JavaThread "Unconstrained build operations Thread 114"        [_thread_blocked, id=44288, stack(0x000000cf3f100000,0x000000cf3f200000) (1024K)]
  0x0000022070f0d110 JavaThread "Unconstrained build operations Thread 115"        [_thread_blocked, id=9012, stack(0x000000cf3f200000,0x000000cf3f300000) (1024K)]
  0x0000022070f0a320 JavaThread "Unconstrained build operations Thread 116"        [_thread_blocked, id=40452, stack(0x000000cf3f300000,0x000000cf3f400000) (1024K)]
  0x0000022070f0eb50 JavaThread "Unconstrained build operations Thread 117"        [_thread_blocked, id=41380, stack(0x000000cf33300000,0x000000cf33400000) (1024K)]
  0x0000022070f0f1e0 JavaThread "Unconstrained build operations Thread 118"        [_thread_blocked, id=11132, stack(0x000000cf3d000000,0x000000cf3d100000) (1024K)]
  0x0000022070f0de30 JavaThread "Unconstrained build operations Thread 119"        [_thread_blocked, id=27452, stack(0x000000cf3f400000,0x000000cf3f500000) (1024K)]
  0x0000022070f0e4c0 JavaThread "Unconstrained build operations Thread 120"        [_thread_blocked, id=22740, stack(0x000000cf3f500000,0x000000cf3f600000) (1024K)]
  0x0000022070f0bd60 JavaThread "WorkerExecutor Queue"              [_thread_blocked, id=44128, stack(0x000000cf3f800000,0x000000cf3f900000) (1024K)]
  0x000002206fd32a70 JavaThread "pool-3-thread-1"                   [_thread_blocked, id=44160, stack(0x000000cf3f700000,0x000000cf3f800000) (1024K)]
  0x000002206f1ec280 JavaThread "stderr"                            [_thread_in_native, id=44040, stack(0x000000cf3f900000,0x000000cf3fa00000) (1024K)]
  0x0000022071012850 JavaThread "stdout"                            [_thread_in_native, id=30604, stack(0x000000cf3fa00000,0x000000cf3fb00000) (1024K)]
  0x000002206eaead90 JavaThread "C2 CompilerThread1"         daemon [_thread_in_native, id=16760, stack(0x000000cf3f600000,0x000000cf3f700000) (1024K)]
=>0x000002206eae9ff0 JavaThread "C2 CompilerThread2"         daemon [_thread_in_native, id=36668, stack(0x000000cf33200000,0x000000cf33300000) (1024K)]
Total: 182

Other Threads:
  0x000002206707e340 VMThread "VM Thread"                           [id=24332, stack(0x000000cf33c00000,0x000000cf33d00000) (1024K)]
  0x00000220671010a0 WatcherThread "VM Periodic Task Thread"        [id=9528, stack(0x000000cf33b00000,0x000000cf33c00000) (1024K)]
  0x000002204d18e040 WorkerThread "GC Thread#0"                     [id=16892, stack(0x000000cf33600000,0x000000cf33700000) (1024K)]
  0x0000022067a20760 WorkerThread "GC Thread#1"                     [id=20056, stack(0x000000cf34900000,0x000000cf34a00000) (1024K)]
  0x0000022067a5eb20 WorkerThread "GC Thread#2"                     [id=24700, stack(0x000000cf34a00000,0x000000cf34b00000) (1024K)]
  0x00000220676a7ee0 WorkerThread "GC Thread#3"                     [id=42808, stack(0x000000cf34b00000,0x000000cf34c00000) (1024K)]
  0x00000220676a8280 WorkerThread "GC Thread#4"                     [id=45008, stack(0x000000cf34c00000,0x000000cf34d00000) (1024K)]
  0x00000220676a8620 WorkerThread "GC Thread#5"                     [id=43696, stack(0x000000cf34d00000,0x000000cf34e00000) (1024K)]
  0x000002206d1cfc80 WorkerThread "GC Thread#6"                     [id=42464, stack(0x000000cf34800000,0x000000cf34900000) (1024K)]
  0x000002206d1d0020 WorkerThread "GC Thread#7"                     [id=27540, stack(0x000000cf34e00000,0x000000cf34f00000) (1024K)]
  0x000002206d23e180 WorkerThread "GC Thread#8"                     [id=44076, stack(0x000000cf35800000,0x000000cf35900000) (1024K)]
  0x000002206d23dde0 WorkerThread "GC Thread#9"                     [id=15764, stack(0x000000cf35900000,0x000000cf35a00000) (1024K)]
  0x000002204f596120 ConcurrentGCThread "G1 Main Marker"            [id=44672, stack(0x000000cf33700000,0x000000cf33800000) (1024K)]
  0x000002204f596b30 WorkerThread "G1 Conc#0"                       [id=42192, stack(0x000000cf33800000,0x000000cf33900000) (1024K)]
  0x000002206d23da40 WorkerThread "G1 Conc#1"                       [id=44352, stack(0x000000cf35a00000,0x000000cf35b00000) (1024K)]
  0x000002206d23f3a0 WorkerThread "G1 Conc#2"                       [id=44408, stack(0x000000cf35b00000,0x000000cf35c00000) (1024K)]
  0x0000022066f58ae0 ConcurrentGCThread "G1 Refine#0"               [id=43808, stack(0x000000cf33900000,0x000000cf33a00000) (1024K)]
  0x0000022066f5a710 ConcurrentGCThread "G1 Service"                [id=42644, stack(0x000000cf33a00000,0x000000cf33b00000) (1024K)]
Total: 18

Threads with active compile tasks:
C2 CompilerThread0  100163 25295       4       com.android.tools.r8.graph.ka::a (109 bytes)
C1 CompilerThread0  100163 25297       3       com.android.tools.r8.graph.ua::a (52 bytes)
C2 CompilerThread1  100163 25231       4       com.android.tools.r8.internal.gt::a (4509 bytes)
C2 CompilerThread2  100163 25194       4       com.android.tools.r8.internal.l32::a (2024 bytes)
Total: 4

VM state: not at safepoint (normal execution)

VM Mutex/Monitor currently owned by a thread: None

Heap address: 0x0000000080000000, size: 2048 MB, Compressed Oops mode: 32-bit

CDS archive(s) not mapped
Compressed class space mapped at: 0x0000000100000000-0x0000000140000000, reserved size: 1073741824
Narrow klass base: 0x0000000000000000, Narrow klass shift: 3, Narrow klass range: 0x140000000

GC Precious Log:
 CardTable entry size: 512
 Card Set container configuration: InlinePtr #cards 5 size 8 Array Of Cards #cards 12 size 40 Howl #buckets 4 coarsen threshold 1843 Howl Bitmap #cards 512 size 80 coarsen threshold 460 Card regions per heap region 1 cards per card region 2048
 CPUs: 12 total, 12 available
 Memory: 16041M
 Large Page Support: Disabled
 NUMA Support: Disabled
 Compressed Oops: Enabled (32-bit)
 Heap Region Size: 1M
 Heap Min Capacity: 8M
 Heap Initial Capacity: 252M
 Heap Max Capacity: 2G
 Pre-touch: Disabled
 Parallel Workers: 10
 Concurrent Workers: 3
 Concurrent Refinement Workers: 10
 Periodic GC: Disabled

Heap:
 garbage-first heap   total 785408K, used 382937K [0x0000000080000000, 0x0000000100000000)
  region size 1024K, 32 young (32768K), 22 survivors (22528K)
 Metaspace       used 144250K, committed 146560K, reserved 1179648K
  class space    used 20368K, committed 21504K, reserved 1048576K

Heap Regions: E=young(eden), S=young(survivor), O=old, HS=humongous(starts), HC=humongous(continues), CS=collection set, F=free, TAMS=top-at-mark-start, PB=parsable bottom
|   0|0x0000000080000000, 0x0000000080100000, 0x0000000080100000|100%|HS|  |TAMS 0x0000000080000000| PB 0x0000000080000000| Complete 
|   1|0x0000000080100000, 0x0000000080200000, 0x0000000080200000|100%|HC|  |TAMS 0x0000000080100000| PB 0x0000000080100000| Complete 
|   2|0x0000000080200000, 0x0000000080300000, 0x0000000080300000|100%|HC|  |TAMS 0x0000000080200000| PB 0x0000000080200000| Complete 
|   3|0x0000000080300000, 0x0000000080400000, 0x0000000080400000|100%| O|  |TAMS 0x0000000080300000| PB 0x0000000080300000| Untracked 
|   4|0x0000000080400000, 0x0000000080500000, 0x0000000080500000|100%| O|  |TAMS 0x0000000080400000| PB 0x0000000080400000| Untracked 
|   5|0x0000000080500000, 0x0000000080600000, 0x0000000080600000|100%| O|  |TAMS 0x0000000080500000| PB 0x0000000080500000| Untracked 
|   6|0x0000000080600000, 0x0000000080700000, 0x0000000080700000|100%|HS|  |TAMS 0x0000000080600000| PB 0x0000000080600000| Complete 
|   7|0x0000000080700000, 0x0000000080800000, 0x0000000080800000|100%| O|  |TAMS 0x0000000080700000| PB 0x0000000080700000| Untracked 
|   8|0x0000000080800000, 0x0000000080900000, 0x0000000080900000|100%| O|  |TAMS 0x0000000080800000| PB 0x0000000080800000| Untracked 
|   9|0x0000000080900000, 0x0000000080a00000, 0x0000000080a00000|100%| O|  |TAMS 0x0000000080900000| PB 0x0000000080900000| Untracked 
|  10|0x0000000080a00000, 0x0000000080b00000, 0x0000000080b00000|100%| O|  |TAMS 0x0000000080a00000| PB 0x0000000080a00000| Untracked 
|  11|0x0000000080b00000, 0x0000000080c00000, 0x0000000080c00000|100%| O|  |TAMS 0x0000000080b00000| PB 0x0000000080b00000| Untracked 
|  12|0x0000000080c00000, 0x0000000080d00000, 0x0000000080d00000|100%| O|  |TAMS 0x0000000080c00000| PB 0x0000000080c00000| Untracked 
|  13|0x0000000080d00000, 0x0000000080e00000, 0x0000000080e00000|100%| O|  |TAMS 0x0000000080d00000| PB 0x0000000080d00000| Untracked 
|  14|0x0000000080e00000, 0x0000000080f00000, 0x0000000080f00000|100%| O|  |TAMS 0x0000000080e00000| PB 0x0000000080e00000| Untracked 
|  15|0x0000000080f00000, 0x0000000081000000, 0x0000000081000000|100%| O|  |TAMS 0x0000000080f00000| PB 0x0000000080f00000| Untracked 
|  16|0x0000000081000000, 0x0000000081100000, 0x0000000081100000|100%| O|  |TAMS 0x0000000081000000| PB 0x0000000081000000| Untracked 
|  17|0x0000000081100000, 0x0000000081200000, 0x0000000081200000|100%| O|  |TAMS 0x0000000081100000| PB 0x0000000081100000| Untracked 
|  18|0x0000000081200000, 0x0000000081300000, 0x0000000081300000|100%| O|  |TAMS 0x0000000081200000| PB 0x0000000081200000| Untracked 
|  19|0x0000000081300000, 0x0000000081400000, 0x0000000081400000|100%| O|  |TAMS 0x0000000081300000| PB 0x0000000081300000| Untracked 
|  20|0x0000000081400000, 0x0000000081500000, 0x0000000081500000|100%| O|  |TAMS 0x0000000081400000| PB 0x0000000081400000| Untracked 
|  21|0x0000000081500000, 0x0000000081600000, 0x0000000081600000|100%| O|  |TAMS 0x0000000081500000| PB 0x0000000081500000| Untracked 
|  22|0x0000000081600000, 0x0000000081700000, 0x0000000081700000|100%| O|  |TAMS 0x0000000081600000| PB 0x0000000081600000| Untracked 
|  23|0x0000000081700000, 0x0000000081800000, 0x0000000081800000|100%| O|  |TAMS 0x0000000081700000| PB 0x0000000081700000| Untracked 
|  24|0x0000000081800000, 0x0000000081900000, 0x0000000081900000|100%| O|  |TAMS 0x0000000081800000| PB 0x0000000081800000| Untracked 
|  25|0x0000000081900000, 0x0000000081a00000, 0x0000000081a00000|100%| O|  |TAMS 0x0000000081900000| PB 0x0000000081900000| Untracked 
|  26|0x0000000081a00000, 0x0000000081b00000, 0x0000000081b00000|100%|HS|  |TAMS 0x0000000081a00000| PB 0x0000000081a00000| Complete 
|  27|0x0000000081b00000, 0x0000000081c00000, 0x0000000081c00000|100%|HC|  |TAMS 0x0000000081b00000| PB 0x0000000081b00000| Complete 
|  28|0x0000000081c00000, 0x0000000081d00000, 0x0000000081d00000|100%| O|  |TAMS 0x0000000081c00000| PB 0x0000000081c00000| Untracked 
|  29|0x0000000081d00000, 0x0000000081e00000, 0x0000000081e00000|100%| O|  |TAMS 0x0000000081d00000| PB 0x0000000081d00000| Untracked 
|  30|0x0000000081e00000, 0x0000000081f00000, 0x0000000081f00000|100%| O|  |TAMS 0x0000000081e00000| PB 0x0000000081e00000| Untracked 
|  31|0x0000000081f00000, 0x0000000082000000, 0x0000000082000000|100%| O|  |TAMS 0x0000000081f00000| PB 0x0000000081f00000| Untracked 
|  32|0x0000000082000000, 0x0000000082100000, 0x0000000082100000|100%| O|  |TAMS 0x0000000082000000| PB 0x0000000082000000| Untracked 
|  33|0x0000000082100000, 0x0000000082200000, 0x0000000082200000|100%| O|  |TAMS 0x0000000082100000| PB 0x0000000082100000| Untracked 
|  34|0x0000000082200000, 0x0000000082300000, 0x0000000082300000|100%| O|  |TAMS 0x0000000082200000| PB 0x0000000082200000| Untracked 
|  35|0x0000000082300000, 0x0000000082400000, 0x0000000082400000|100%| O|  |TAMS 0x0000000082300000| PB 0x0000000082300000| Untracked 
|  36|0x0000000082400000, 0x0000000082500000, 0x0000000082500000|100%| O|  |TAMS 0x0000000082400000| PB 0x0000000082400000| Untracked 
|  37|0x0000000082500000, 0x0000000082600000, 0x0000000082600000|100%| O|  |TAMS 0x0000000082500000| PB 0x0000000082500000| Untracked 
|  38|0x0000000082600000, 0x0000000082700000, 0x0000000082700000|100%| O|  |TAMS 0x0000000082600000| PB 0x0000000082600000| Untracked 
|  39|0x0000000082700000, 0x0000000082800000, 0x0000000082800000|100%| O|  |TAMS 0x0000000082700000| PB 0x0000000082700000| Untracked 
|  40|0x0000000082800000, 0x0000000082900000, 0x0000000082900000|100%| O|  |TAMS 0x0000000082800000| PB 0x0000000082800000| Untracked 
|  41|0x0000000082900000, 0x0000000082a00000, 0x0000000082a00000|100%| O|  |TAMS 0x0000000082900000| PB 0x0000000082900000| Untracked 
|  42|0x0000000082a00000, 0x0000000082b00000, 0x0000000082b00000|100%| O|  |TAMS 0x0000000082a00000| PB 0x0000000082a00000| Untracked 
|  43|0x0000000082b00000, 0x0000000082c00000, 0x0000000082c00000|100%| O|  |TAMS 0x0000000082b00000| PB 0x0000000082b00000| Untracked 
|  44|0x0000000082c00000, 0x0000000082d00000, 0x0000000082d00000|100%| O|  |TAMS 0x0000000082c00000| PB 0x0000000082c00000| Untracked 
|  45|0x0000000082d00000, 0x0000000082e00000, 0x0000000082e00000|100%| O|  |TAMS 0x0000000082d00000| PB 0x0000000082d00000| Untracked 
|  46|0x0000000082e00000, 0x0000000082f00000, 0x0000000082f00000|100%|HS|  |TAMS 0x0000000082e00000| PB 0x0000000082e00000| Complete 
|  47|0x0000000082f00000, 0x0000000083000000, 0x0000000083000000|100%|HS|  |TAMS 0x0000000082f00000| PB 0x0000000082f00000| Complete 
|  48|0x0000000083000000, 0x0000000083100000, 0x0000000083100000|100%|HS|  |TAMS 0x0000000083000000| PB 0x0000000083000000| Complete 
|  49|0x0000000083100000, 0x0000000083200000, 0x0000000083200000|100%|HC|  |TAMS 0x0000000083100000| PB 0x0000000083100000| Complete 
|  50|0x0000000083200000, 0x0000000083300000, 0x0000000083300000|100%| O|  |TAMS 0x0000000083200000| PB 0x0000000083200000| Untracked 
|  51|0x0000000083300000, 0x0000000083400000, 0x0000000083400000|100%| O|  |TAMS 0x0000000083300000| PB 0x0000000083300000| Untracked 
|  52|0x0000000083400000, 0x0000000083500000, 0x0000000083500000|100%| O|  |TAMS 0x0000000083400000| PB 0x0000000083400000| Untracked 
|  53|0x0000000083500000, 0x0000000083600000, 0x0000000083600000|100%| O|  |TAMS 0x0000000083500000| PB 0x0000000083500000| Untracked 
|  54|0x0000000083600000, 0x0000000083700000, 0x0000000083700000|100%|HS|  |TAMS 0x0000000083600000| PB 0x0000000083600000| Complete 
|  55|0x0000000083700000, 0x0000000083800000, 0x0000000083800000|100%|HC|  |TAMS 0x0000000083700000| PB 0x0000000083700000| Complete 
|  56|0x0000000083800000, 0x0000000083900000, 0x0000000083900000|100%|HS|  |TAMS 0x0000000083800000| PB 0x0000000083800000| Complete 
|  57|0x0000000083900000, 0x0000000083a00000, 0x0000000083a00000|100%|HC|  |TAMS 0x0000000083900000| PB 0x0000000083900000| Complete 
|  58|0x0000000083a00000, 0x0000000083b00000, 0x0000000083b00000|100%|HC|  |TAMS 0x0000000083a00000| PB 0x0000000083a00000| Complete 
|  59|0x0000000083b00000, 0x0000000083c00000, 0x0000000083c00000|100%|HS|  |TAMS 0x0000000083b00000| PB 0x0000000083b00000| Complete 
|  60|0x0000000083c00000, 0x0000000083d00000, 0x0000000083d00000|100%|HS|  |TAMS 0x0000000083c00000| PB 0x0000000083c00000| Complete 
|  61|0x0000000083d00000, 0x0000000083e00000, 0x0000000083e00000|100%|HS|  |TAMS 0x0000000083d00000| PB 0x0000000083d00000| Complete 
|  62|0x0000000083e00000, 0x0000000083f00000, 0x0000000083f00000|100%| O|  |TAMS 0x0000000083e00000| PB 0x0000000083e00000| Untracked 
|  63|0x0000000083f00000, 0x0000000084000000, 0x0000000084000000|100%|HS|  |TAMS 0x0000000083f00000| PB 0x0000000083f00000| Complete 
|  64|0x0000000084000000, 0x0000000084100000, 0x0000000084100000|100%| O|  |TAMS 0x0000000084000000| PB 0x0000000084000000| Untracked 
|  65|0x0000000084100000, 0x0000000084200000, 0x0000000084200000|100%| O|  |TAMS 0x0000000084100000| PB 0x0000000084100000| Untracked 
|  66|0x0000000084200000, 0x0000000084300000, 0x0000000084300000|100%|HS|  |TAMS 0x0000000084200000| PB 0x0000000084200000| Complete 
|  67|0x0000000084300000, 0x0000000084400000, 0x0000000084400000|100%| O|  |TAMS 0x0000000084300000| PB 0x0000000084300000| Untracked 
|  68|0x0000000084400000, 0x0000000084500000, 0x0000000084500000|100%| O|  |TAMS 0x0000000084400000| PB 0x0000000084400000| Untracked 
|  69|0x0000000084500000, 0x0000000084600000, 0x0000000084600000|100%| O|  |TAMS 0x0000000084500000| PB 0x0000000084500000| Untracked 
|  70|0x0000000084600000, 0x0000000084700000, 0x0000000084700000|100%| O|  |TAMS 0x0000000084600000| PB 0x0000000084600000| Untracked 
|  71|0x0000000084700000, 0x0000000084800000, 0x0000000084800000|100%| O|  |TAMS 0x0000000084700000| PB 0x0000000084700000| Untracked 
|  72|0x0000000084800000, 0x0000000084900000, 0x0000000084900000|100%| O|  |TAMS 0x0000000084800000| PB 0x0000000084800000| Untracked 
|  73|0x0000000084900000, 0x0000000084a00000, 0x0000000084a00000|100%| O|  |TAMS 0x0000000084900000| PB 0x0000000084900000| Untracked 
|  74|0x0000000084a00000, 0x0000000084b00000, 0x0000000084b00000|100%| O|  |TAMS 0x0000000084a00000| PB 0x0000000084a00000| Untracked 
|  75|0x0000000084b00000, 0x0000000084c00000, 0x0000000084c00000|100%| O|  |TAMS 0x0000000084b00000| PB 0x0000000084b00000| Untracked 
|  76|0x0000000084c00000, 0x0000000084d00000, 0x0000000084d00000|100%| O|  |TAMS 0x0000000084c00000| PB 0x0000000084c00000| Untracked 
|  77|0x0000000084d00000, 0x0000000084e00000, 0x0000000084e00000|100%| O|  |TAMS 0x0000000084d00000| PB 0x0000000084d00000| Untracked 
|  78|0x0000000084e00000, 0x0000000084f00000, 0x0000000084f00000|100%| O|  |TAMS 0x0000000084e00000| PB 0x0000000084e00000| Untracked 
|  79|0x0000000084f00000, 0x0000000085000000, 0x0000000085000000|100%| O|  |TAMS 0x0000000084f00000| PB 0x0000000084f00000| Untracked 
|  80|0x0000000085000000, 0x0000000085100000, 0x0000000085100000|100%| O|  |TAMS 0x0000000085000000| PB 0x0000000085000000| Untracked 
|  81|0x0000000085100000, 0x0000000085200000, 0x0000000085200000|100%| O|  |TAMS 0x0000000085100000| PB 0x0000000085100000| Untracked 
|  82|0x0000000085200000, 0x0000000085300000, 0x0000000085300000|100%|HS|  |TAMS 0x0000000085200000| PB 0x0000000085200000| Complete 
|  83|0x0000000085300000, 0x0000000085400000, 0x0000000085400000|100%|HC|  |TAMS 0x0000000085300000| PB 0x0000000085300000| Complete 
|  84|0x0000000085400000, 0x0000000085500000, 0x0000000085500000|100%|HC|  |TAMS 0x0000000085400000| PB 0x0000000085400000| Complete 
|  85|0x0000000085500000, 0x0000000085600000, 0x0000000085600000|100%| O|  |TAMS 0x0000000085500000| PB 0x0000000085500000| Untracked 
|  86|0x0000000085600000, 0x0000000085700000, 0x0000000085700000|100%| O|  |TAMS 0x0000000085600000| PB 0x0000000085600000| Untracked 
|  87|0x0000000085700000, 0x0000000085800000, 0x0000000085800000|100%| O|  |TAMS 0x0000000085700000| PB 0x0000000085700000| Untracked 
|  88|0x0000000085800000, 0x0000000085900000, 0x0000000085900000|100%| O|  |TAMS 0x0000000085800000| PB 0x0000000085800000| Untracked 
|  89|0x0000000085900000, 0x0000000085a00000, 0x0000000085a00000|100%| O|  |TAMS 0x0000000085900000| PB 0x0000000085900000| Untracked 
|  90|0x0000000085a00000, 0x0000000085b00000, 0x0000000085b00000|100%| O|  |TAMS 0x0000000085a00000| PB 0x0000000085a00000| Untracked 
|  91|0x0000000085b00000, 0x0000000085c00000, 0x0000000085c00000|100%| O|  |TAMS 0x0000000085b00000| PB 0x0000000085b00000| Untracked 
|  92|0x0000000085c00000, 0x0000000085d00000, 0x0000000085d00000|100%| O|  |TAMS 0x0000000085c00000| PB 0x0000000085c00000| Untracked 
|  93|0x0000000085d00000, 0x0000000085e00000, 0x0000000085e00000|100%| O|  |TAMS 0x0000000085d00000| PB 0x0000000085d00000| Untracked 
|  94|0x0000000085e00000, 0x0000000085f00000, 0x0000000085f00000|100%| O|  |TAMS 0x0000000085e00000| PB 0x0000000085e00000| Untracked 
|  95|0x0000000085f00000, 0x0000000086000000, 0x0000000086000000|100%| O|  |TAMS 0x0000000085f00000| PB 0x0000000085f00000| Untracked 
|  96|0x0000000086000000, 0x0000000086100000, 0x0000000086100000|100%| O|  |TAMS 0x0000000086000000| PB 0x0000000086000000| Untracked 
|  97|0x0000000086100000, 0x0000000086200000, 0x0000000086200000|100%| O|  |TAMS 0x0000000086100000| PB 0x0000000086100000| Untracked 
|  98|0x0000000086200000, 0x0000000086300000, 0x0000000086300000|100%| O|  |TAMS 0x0000000086200000| PB 0x0000000086200000| Untracked 
|  99|0x0000000086300000, 0x0000000086400000, 0x0000000086400000|100%| O|  |TAMS 0x0000000086300000| PB 0x0000000086300000| Untracked 
| 100|0x0000000086400000, 0x0000000086500000, 0x0000000086500000|100%| O|  |TAMS 0x0000000086400000| PB 0x0000000086400000| Untracked 
| 101|0x0000000086500000, 0x0000000086600000, 0x0000000086600000|100%| O|  |TAMS 0x0000000086500000| PB 0x0000000086500000| Untracked 
| 102|0x0000000086600000, 0x0000000086700000, 0x0000000086700000|100%| O|  |TAMS 0x0000000086600000| PB 0x0000000086600000| Untracked 
| 103|0x0000000086700000, 0x0000000086800000, 0x0000000086800000|100%| O|  |TAMS 0x0000000086700000| PB 0x0000000086700000| Untracked 
| 104|0x0000000086800000, 0x0000000086900000, 0x0000000086900000|100%| O|  |TAMS 0x0000000086800000| PB 0x0000000086800000| Untracked 
| 105|0x0000000086900000, 0x0000000086a00000, 0x0000000086a00000|100%| O|  |TAMS 0x0000000086900000| PB 0x0000000086900000| Untracked 
| 106|0x0000000086a00000, 0x0000000086b00000, 0x0000000086b00000|100%| O|  |TAMS 0x0000000086a00000| PB 0x0000000086a00000| Untracked 
| 107|0x0000000086b00000, 0x0000000086c00000, 0x0000000086c00000|100%| O|  |TAMS 0x0000000086b00000| PB 0x0000000086b00000| Untracked 
| 108|0x0000000086c00000, 0x0000000086d00000, 0x0000000086d00000|100%| O|  |TAMS 0x0000000086c00000| PB 0x0000000086c00000| Untracked 
| 109|0x0000000086d00000, 0x0000000086e00000, 0x0000000086e00000|100%| O|  |TAMS 0x0000000086d00000| PB 0x0000000086d00000| Untracked 
| 110|0x0000000086e00000, 0x0000000086f00000, 0x0000000086f00000|100%| O|  |TAMS 0x0000000086e00000| PB 0x0000000086e00000| Untracked 
| 111|0x0000000086f00000, 0x0000000087000000, 0x0000000087000000|100%| O|  |TAMS 0x0000000086f00000| PB 0x0000000086f00000| Untracked 
| 112|0x0000000087000000, 0x0000000087100000, 0x0000000087100000|100%| O|  |TAMS 0x0000000087000000| PB 0x0000000087000000| Untracked 
| 113|0x0000000087100000, 0x0000000087200000, 0x0000000087200000|100%| O|  |TAMS 0x0000000087100000| PB 0x0000000087100000| Untracked 
| 114|0x0000000087200000, 0x0000000087300000, 0x0000000087300000|100%| O|  |TAMS 0x0000000087200000| PB 0x0000000087200000| Untracked 
| 115|0x0000000087300000, 0x0000000087400000, 0x0000000087400000|100%| O|  |TAMS 0x0000000087300000| PB 0x0000000087300000| Untracked 
| 116|0x0000000087400000, 0x0000000087500000, 0x0000000087500000|100%| O|  |TAMS 0x0000000087400000| PB 0x0000000087400000| Untracked 
| 117|0x0000000087500000, 0x0000000087600000, 0x0000000087600000|100%| O|  |TAMS 0x0000000087500000| PB 0x0000000087500000| Untracked 
| 118|0x0000000087600000, 0x0000000087700000, 0x0000000087700000|100%| O|  |TAMS 0x0000000087600000| PB 0x0000000087600000| Untracked 
| 119|0x0000000087700000, 0x0000000087800000, 0x0000000087800000|100%| O|  |TAMS 0x0000000087700000| PB 0x0000000087700000| Untracked 
| 120|0x0000000087800000, 0x0000000087900000, 0x0000000087900000|100%| O|  |TAMS 0x0000000087800000| PB 0x0000000087800000| Untracked 
| 121|0x0000000087900000, 0x0000000087a00000, 0x0000000087a00000|100%| O|  |TAMS 0x0000000087900000| PB 0x0000000087900000| Untracked 
| 122|0x0000000087a00000, 0x0000000087b00000, 0x0000000087b00000|100%| O|  |TAMS 0x0000000087a00000| PB 0x0000000087a00000| Untracked 
| 123|0x0000000087b00000, 0x0000000087c00000, 0x0000000087c00000|100%| O|  |TAMS 0x0000000087b00000| PB 0x0000000087b00000| Untracked 
| 124|0x0000000087c00000, 0x0000000087d00000, 0x0000000087d00000|100%| O|  |TAMS 0x0000000087c00000| PB 0x0000000087c00000| Untracked 
| 125|0x0000000087d00000, 0x0000000087e00000, 0x0000000087e00000|100%| O|  |TAMS 0x0000000087d00000| PB 0x0000000087d00000| Untracked 
| 126|0x0000000087e00000, 0x0000000087f00000, 0x0000000087f00000|100%| O|  |TAMS 0x0000000087e00000| PB 0x0000000087e00000| Untracked 
| 127|0x0000000087f00000, 0x0000000088000000, 0x0000000088000000|100%| O|  |TAMS 0x0000000087f00000| PB 0x0000000087f00000| Untracked 
| 128|0x0000000088000000, 0x0000000088100000, 0x0000000088100000|100%| O|  |TAMS 0x0000000088000000| PB 0x0000000088000000| Untracked 
| 129|0x0000000088100000, 0x0000000088200000, 0x0000000088200000|100%| O|  |TAMS 0x0000000088100000| PB 0x0000000088100000| Untracked 
| 130|0x0000000088200000, 0x0000000088300000, 0x0000000088300000|100%| O|  |TAMS 0x0000000088200000| PB 0x0000000088200000| Untracked 
| 131|0x0000000088300000, 0x0000000088400000, 0x0000000088400000|100%| O|  |TAMS 0x0000000088300000| PB 0x0000000088300000| Untracked 
| 132|0x0000000088400000, 0x0000000088500000, 0x0000000088500000|100%| O|  |TAMS 0x0000000088400000| PB 0x0000000088400000| Untracked 
| 133|0x0000000088500000, 0x0000000088600000, 0x0000000088600000|100%| O|  |TAMS 0x0000000088500000| PB 0x0000000088500000| Untracked 
| 134|0x0000000088600000, 0x0000000088700000, 0x0000000088700000|100%| O|  |TAMS 0x0000000088600000| PB 0x0000000088600000| Untracked 
| 135|0x0000000088700000, 0x0000000088800000, 0x0000000088800000|100%| O|  |TAMS 0x0000000088700000| PB 0x0000000088700000| Untracked 
| 136|0x0000000088800000, 0x0000000088900000, 0x0000000088900000|100%| O|  |TAMS 0x0000000088800000| PB 0x0000000088800000| Untracked 
| 137|0x0000000088900000, 0x0000000088a00000, 0x0000000088a00000|100%| O|  |TAMS 0x0000000088900000| PB 0x0000000088900000| Untracked 
| 138|0x0000000088a00000, 0x0000000088b00000, 0x0000000088b00000|100%| O|  |TAMS 0x0000000088a00000| PB 0x0000000088a00000| Untracked 
| 139|0x0000000088b00000, 0x0000000088c00000, 0x0000000088c00000|100%| O|  |TAMS 0x0000000088b00000| PB 0x0000000088b00000| Untracked 
| 140|0x0000000088c00000, 0x0000000088d00000, 0x0000000088d00000|100%| O|  |TAMS 0x0000000088c00000| PB 0x0000000088c00000| Untracked 
| 141|0x0000000088d00000, 0x0000000088e00000, 0x0000000088e00000|100%| O|  |TAMS 0x0000000088d00000| PB 0x0000000088d00000| Untracked 
| 142|0x0000000088e00000, 0x0000000088e00000, 0x0000000088f00000|  0%| F|  |TAMS 0x0000000088e00000| PB 0x0000000088e00000| Untracked 
| 143|0x0000000088f00000, 0x0000000089000000, 0x0000000089000000|100%| O|  |TAMS 0x0000000088f00000| PB 0x0000000088f00000| Untracked 
| 144|0x0000000089000000, 0x0000000089100000, 0x0000000089100000|100%| O|  |TAMS 0x0000000089000000| PB 0x0000000089000000| Untracked 
| 145|0x0000000089100000, 0x0000000089200000, 0x0000000089200000|100%| O|  |TAMS 0x0000000089100000| PB 0x0000000089100000| Untracked 
| 146|0x0000000089200000, 0x0000000089300000, 0x0000000089300000|100%| O|  |TAMS 0x0000000089200000| PB 0x0000000089200000| Untracked 
| 147|0x0000000089300000, 0x0000000089400000, 0x0000000089400000|100%| O|  |TAMS 0x0000000089300000| PB 0x0000000089300000| Untracked 
| 148|0x0000000089400000, 0x0000000089500000, 0x0000000089500000|100%| O|  |TAMS 0x0000000089400000| PB 0x0000000089400000| Untracked 
| 149|0x0000000089500000, 0x0000000089600000, 0x0000000089600000|100%| O|  |TAMS 0x0000000089500000| PB 0x0000000089500000| Untracked 
| 150|0x0000000089600000, 0x0000000089700000, 0x0000000089700000|100%| O|  |TAMS 0x0000000089600000| PB 0x0000000089600000| Untracked 
| 151|0x0000000089700000, 0x0000000089800000, 0x0000000089800000|100%| O|  |TAMS 0x0000000089700000| PB 0x0000000089700000| Untracked 
| 152|0x0000000089800000, 0x0000000089900000, 0x0000000089900000|100%| O|  |TAMS 0x0000000089800000| PB 0x0000000089800000| Untracked 
| 153|0x0000000089900000, 0x0000000089a00000, 0x0000000089a00000|100%| O|  |TAMS 0x0000000089900000| PB 0x0000000089900000| Untracked 
| 154|0x0000000089a00000, 0x0000000089b00000, 0x0000000089b00000|100%| O|  |TAMS 0x0000000089a00000| PB 0x0000000089a00000| Untracked 
| 155|0x0000000089b00000, 0x0000000089c00000, 0x0000000089c00000|100%| O|  |TAMS 0x0000000089b00000| PB 0x0000000089b00000| Untracked 
| 156|0x0000000089c00000, 0x0000000089d00000, 0x0000000089d00000|100%| O|  |TAMS 0x0000000089c00000| PB 0x0000000089c00000| Untracked 
| 157|0x0000000089d00000, 0x0000000089e00000, 0x0000000089e00000|100%| O|  |TAMS 0x0000000089d00000| PB 0x0000000089d00000| Untracked 
| 158|0x0000000089e00000, 0x0000000089f00000, 0x0000000089f00000|100%| O|  |TAMS 0x0000000089e00000| PB 0x0000000089e00000| Untracked 
| 159|0x0000000089f00000, 0x000000008a000000, 0x000000008a000000|100%| O|  |TAMS 0x0000000089f00000| PB 0x0000000089f00000| Untracked 
| 160|0x000000008a000000, 0x000000008a100000, 0x000000008a100000|100%| O|  |TAMS 0x000000008a000000| PB 0x000000008a000000| Untracked 
| 161|0x000000008a100000, 0x000000008a200000, 0x000000008a200000|100%| O|  |TAMS 0x000000008a100000| PB 0x000000008a100000| Untracked 
| 162|0x000000008a200000, 0x000000008a300000, 0x000000008a300000|100%| O|  |TAMS 0x000000008a200000| PB 0x000000008a200000| Untracked 
| 163|0x000000008a300000, 0x000000008a400000, 0x000000008a400000|100%| O|  |TAMS 0x000000008a300000| PB 0x000000008a300000| Untracked 
| 164|0x000000008a400000, 0x000000008a500000, 0x000000008a500000|100%| O|  |TAMS 0x000000008a400000| PB 0x000000008a400000| Untracked 
| 165|0x000000008a500000, 0x000000008a600000, 0x000000008a600000|100%| O|  |TAMS 0x000000008a500000| PB 0x000000008a500000| Untracked 
| 166|0x000000008a600000, 0x000000008a700000, 0x000000008a700000|100%| O|  |TAMS 0x000000008a600000| PB 0x000000008a600000| Untracked 
| 167|0x000000008a700000, 0x000000008a800000, 0x000000008a800000|100%| O|  |TAMS 0x000000008a700000| PB 0x000000008a700000| Untracked 
| 168|0x000000008a800000, 0x000000008a900000, 0x000000008a900000|100%| O|  |TAMS 0x000000008a800000| PB 0x000000008a800000| Untracked 
| 169|0x000000008a900000, 0x000000008aa00000, 0x000000008aa00000|100%| O|  |TAMS 0x000000008a900000| PB 0x000000008a900000| Untracked 
| 170|0x000000008aa00000, 0x000000008ab00000, 0x000000008ab00000|100%| O|  |TAMS 0x000000008aa00000| PB 0x000000008aa00000| Untracked 
| 171|0x000000008ab00000, 0x000000008ac00000, 0x000000008ac00000|100%| O|  |TAMS 0x000000008ab00000| PB 0x000000008ab00000| Untracked 
| 172|0x000000008ac00000, 0x000000008ad00000, 0x000000008ad00000|100%| O|  |TAMS 0x000000008ac00000| PB 0x000000008ac00000| Untracked 
| 173|0x000000008ad00000, 0x000000008ae00000, 0x000000008ae00000|100%| O|  |TAMS 0x000000008ad00000| PB 0x000000008ad00000| Untracked 
| 174|0x000000008ae00000, 0x000000008ae00000, 0x000000008af00000|  0%| F|  |TAMS 0x000000008ae00000| PB 0x000000008ae00000| Untracked 
| 175|0x000000008af00000, 0x000000008b000000, 0x000000008b000000|100%| O|  |TAMS 0x000000008af00000| PB 0x000000008af00000| Untracked 
| 176|0x000000008b000000, 0x000000008b100000, 0x000000008b100000|100%| O|  |TAMS 0x000000008b000000| PB 0x000000008b000000| Untracked 
| 177|0x000000008b100000, 0x000000008b200000, 0x000000008b200000|100%| O|  |TAMS 0x000000008b100000| PB 0x000000008b100000| Untracked 
| 178|0x000000008b200000, 0x000000008b300000, 0x000000008b300000|100%| O|  |TAMS 0x000000008b200000| PB 0x000000008b200000| Untracked 
| 179|0x000000008b300000, 0x000000008b400000, 0x000000008b400000|100%| O|  |TAMS 0x000000008b300000| PB 0x000000008b300000| Untracked 
| 180|0x000000008b400000, 0x000000008b400000, 0x000000008b500000|  0%| F|  |TAMS 0x000000008b400000| PB 0x000000008b400000| Untracked 
| 181|0x000000008b500000, 0x000000008b600000, 0x000000008b600000|100%| O|  |TAMS 0x000000008b500000| PB 0x000000008b500000| Untracked 
| 182|0x000000008b600000, 0x000000008b700000, 0x000000008b700000|100%| O|  |TAMS 0x000000008b600000| PB 0x000000008b600000| Untracked 
| 183|0x000000008b700000, 0x000000008b800000, 0x000000008b800000|100%| O|  |TAMS 0x000000008b700000| PB 0x000000008b700000| Untracked 
| 184|0x000000008b800000, 0x000000008b900000, 0x000000008b900000|100%| O|  |TAMS 0x000000008b800000| PB 0x000000008b800000| Untracked 
| 185|0x000000008b900000, 0x000000008ba00000, 0x000000008ba00000|100%| O|  |TAMS 0x000000008b900000| PB 0x000000008b900000| Untracked 
| 186|0x000000008ba00000, 0x000000008bb00000, 0x000000008bb00000|100%| O|  |TAMS 0x000000008ba00000| PB 0x000000008ba00000| Untracked 
| 187|0x000000008bb00000, 0x000000008bc00000, 0x000000008bc00000|100%| O|  |TAMS 0x000000008bb00000| PB 0x000000008bb00000| Untracked 
| 188|0x000000008bc00000, 0x000000008bd00000, 0x000000008bd00000|100%| O|  |TAMS 0x000000008bc00000| PB 0x000000008bc00000| Untracked 
| 189|0x000000008bd00000, 0x000000008be00000, 0x000000008be00000|100%| O|  |TAMS 0x000000008bd00000| PB 0x000000008bd00000| Untracked 
| 190|0x000000008be00000, 0x000000008bf00000, 0x000000008bf00000|100%| O|  |TAMS 0x000000008be00000| PB 0x000000008be00000| Untracked 
| 191|0x000000008bf00000, 0x000000008c000000, 0x000000008c000000|100%| O|  |TAMS 0x000000008bf00000| PB 0x000000008bf00000| Untracked 
| 192|0x000000008c000000, 0x000000008c100000, 0x000000008c100000|100%| O|  |TAMS 0x000000008c000000| PB 0x000000008c000000| Untracked 
| 193|0x000000008c100000, 0x000000008c200000, 0x000000008c200000|100%| O|  |TAMS 0x000000008c100000| PB 0x000000008c100000| Untracked 
| 194|0x000000008c200000, 0x000000008c300000, 0x000000008c300000|100%| O|  |TAMS 0x000000008c200000| PB 0x000000008c200000| Untracked 
| 195|0x000000008c300000, 0x000000008c400000, 0x000000008c400000|100%| O|  |TAMS 0x000000008c300000| PB 0x000000008c300000| Untracked 
| 196|0x000000008c400000, 0x000000008c500000, 0x000000008c500000|100%| O|  |TAMS 0x000000008c400000| PB 0x000000008c400000| Untracked 
| 197|0x000000008c500000, 0x000000008c600000, 0x000000008c600000|100%| O|  |TAMS 0x000000008c500000| PB 0x000000008c500000| Untracked 
| 198|0x000000008c600000, 0x000000008c700000, 0x000000008c700000|100%| O|  |TAMS 0x000000008c600000| PB 0x000000008c600000| Untracked 
| 199|0x000000008c700000, 0x000000008c800000, 0x000000008c800000|100%| O|  |TAMS 0x000000008c700000| PB 0x000000008c700000| Untracked 
| 200|0x000000008c800000, 0x000000008c900000, 0x000000008c900000|100%| O|  |TAMS 0x000000008c800000| PB 0x000000008c800000| Untracked 
| 201|0x000000008c900000, 0x000000008ca00000, 0x000000008ca00000|100%| O|  |TAMS 0x000000008c900000| PB 0x000000008c900000| Untracked 
| 202|0x000000008ca00000, 0x000000008cb00000, 0x000000008cb00000|100%| O|  |TAMS 0x000000008ca00000| PB 0x000000008ca00000| Untracked 
| 203|0x000000008cb00000, 0x000000008cc00000, 0x000000008cc00000|100%| O|  |TAMS 0x000000008cb00000| PB 0x000000008cb00000| Untracked 
| 204|0x000000008cc00000, 0x000000008cd00000, 0x000000008cd00000|100%| O|  |TAMS 0x000000008cc00000| PB 0x000000008cc00000| Untracked 
| 205|0x000000008cd00000, 0x000000008ce00000, 0x000000008ce00000|100%| O|  |TAMS 0x000000008cd00000| PB 0x000000008cd00000| Untracked 
| 206|0x000000008ce00000, 0x000000008ce00000, 0x000000008cf00000|  0%| F|  |TAMS 0x000000008ce00000| PB 0x000000008ce00000| Untracked 
| 207|0x000000008cf00000, 0x000000008cf00000, 0x000000008d000000|  0%| F|  |TAMS 0x000000008cf00000| PB 0x000000008cf00000| Untracked 
| 208|0x000000008d000000, 0x000000008d100000, 0x000000008d100000|100%| O|  |TAMS 0x000000008d000000| PB 0x000000008d000000| Untracked 
| 209|0x000000008d100000, 0x000000008d200000, 0x000000008d200000|100%| O|  |TAMS 0x000000008d100000| PB 0x000000008d100000| Untracked 
| 210|0x000000008d200000, 0x000000008d300000, 0x000000008d300000|100%| O|  |TAMS 0x000000008d200000| PB 0x000000008d200000| Untracked 
| 211|0x000000008d300000, 0x000000008d400000, 0x000000008d400000|100%| O|  |TAMS 0x000000008d300000| PB 0x000000008d300000| Untracked 
| 212|0x000000008d400000, 0x000000008d500000, 0x000000008d500000|100%| O|  |TAMS 0x000000008d400000| PB 0x000000008d400000| Untracked 
| 213|0x000000008d500000, 0x000000008d600000, 0x000000008d600000|100%| O|  |TAMS 0x000000008d500000| PB 0x000000008d500000| Untracked 
| 214|0x000000008d600000, 0x000000008d700000, 0x000000008d700000|100%| O|  |TAMS 0x000000008d600000| PB 0x000000008d600000| Untracked 
| 215|0x000000008d700000, 0x000000008d800000, 0x000000008d800000|100%| O|  |TAMS 0x000000008d700000| PB 0x000000008d700000| Untracked 
| 216|0x000000008d800000, 0x000000008d900000, 0x000000008d900000|100%| O|  |TAMS 0x000000008d800000| PB 0x000000008d800000| Untracked 
| 217|0x000000008d900000, 0x000000008da00000, 0x000000008da00000|100%| O|  |TAMS 0x000000008d900000| PB 0x000000008d900000| Untracked 
| 218|0x000000008da00000, 0x000000008db00000, 0x000000008db00000|100%| O|  |TAMS 0x000000008da00000| PB 0x000000008da00000| Untracked 
| 219|0x000000008db00000, 0x000000008dc00000, 0x000000008dc00000|100%| O|  |TAMS 0x000000008db00000| PB 0x000000008db00000| Untracked 
| 220|0x000000008dc00000, 0x000000008dd00000, 0x000000008dd00000|100%| O|  |TAMS 0x000000008dc00000| PB 0x000000008dc00000| Untracked 
| 221|0x000000008dd00000, 0x000000008de00000, 0x000000008de00000|100%| O|  |TAMS 0x000000008dd00000| PB 0x000000008dd00000| Untracked 
| 222|0x000000008de00000, 0x000000008df00000, 0x000000008df00000|100%| O|  |TAMS 0x000000008de00000| PB 0x000000008de00000| Untracked 
| 223|0x000000008df00000, 0x000000008e000000, 0x000000008e000000|100%| O|  |TAMS 0x000000008df00000| PB 0x000000008df00000| Untracked 
| 224|0x000000008e000000, 0x000000008e100000, 0x000000008e100000|100%| O|  |TAMS 0x000000008e000000| PB 0x000000008e000000| Untracked 
| 225|0x000000008e100000, 0x000000008e200000, 0x000000008e200000|100%| O|  |TAMS 0x000000008e100000| PB 0x000000008e100000| Untracked 
| 226|0x000000008e200000, 0x000000008e300000, 0x000000008e300000|100%| O|  |TAMS 0x000000008e200000| PB 0x000000008e200000| Untracked 
| 227|0x000000008e300000, 0x000000008e400000, 0x000000008e400000|100%| O|  |TAMS 0x000000008e300000| PB 0x000000008e300000| Untracked 
| 228|0x000000008e400000, 0x000000008e500000, 0x000000008e500000|100%| O|  |TAMS 0x000000008e400000| PB 0x000000008e400000| Untracked 
| 229|0x000000008e500000, 0x000000008e600000, 0x000000008e600000|100%| O|  |TAMS 0x000000008e500000| PB 0x000000008e500000| Untracked 
| 230|0x000000008e600000, 0x000000008e700000, 0x000000008e700000|100%| O|  |TAMS 0x000000008e600000| PB 0x000000008e600000| Untracked 
| 231|0x000000008e700000, 0x000000008e800000, 0x000000008e800000|100%| O|  |TAMS 0x000000008e700000| PB 0x000000008e700000| Untracked 
| 232|0x000000008e800000, 0x000000008e800000, 0x000000008e900000|  0%| F|  |TAMS 0x000000008e800000| PB 0x000000008e800000| Untracked 
| 233|0x000000008e900000, 0x000000008ea00000, 0x000000008ea00000|100%| O|  |TAMS 0x000000008e900000| PB 0x000000008e900000| Untracked 
| 234|0x000000008ea00000, 0x000000008ea00000, 0x000000008eb00000|  0%| F|  |TAMS 0x000000008ea00000| PB 0x000000008ea00000| Untracked 
| 235|0x000000008eb00000, 0x000000008ec00000, 0x000000008ec00000|100%| O|  |TAMS 0x000000008eb00000| PB 0x000000008eb00000| Untracked 
| 236|0x000000008ec00000, 0x000000008ed00000, 0x000000008ed00000|100%| O|  |TAMS 0x000000008ec00000| PB 0x000000008ec00000| Untracked 
| 237|0x000000008ed00000, 0x000000008ee00000, 0x000000008ee00000|100%| O|  |TAMS 0x000000008ed00000| PB 0x000000008ed00000| Untracked 
| 238|0x000000008ee00000, 0x000000008ef00000, 0x000000008ef00000|100%| O|  |TAMS 0x000000008ee00000| PB 0x000000008ee00000| Untracked 
| 239|0x000000008ef00000, 0x000000008f000000, 0x000000008f000000|100%| O|  |TAMS 0x000000008ef00000| PB 0x000000008ef00000| Untracked 
| 240|0x000000008f000000, 0x000000008f100000, 0x000000008f100000|100%| O|  |TAMS 0x000000008f000000| PB 0x000000008f000000| Untracked 
| 241|0x000000008f100000, 0x000000008f200000, 0x000000008f200000|100%| O|  |TAMS 0x000000008f100000| PB 0x000000008f100000| Untracked 
| 242|0x000000008f200000, 0x000000008f300000, 0x000000008f300000|100%| O|  |TAMS 0x000000008f200000| PB 0x000000008f200000| Untracked 
| 243|0x000000008f300000, 0x000000008f400000, 0x000000008f400000|100%| O|  |TAMS 0x000000008f300000| PB 0x000000008f300000| Untracked 
| 244|0x000000008f400000, 0x000000008f500000, 0x000000008f500000|100%| O|  |TAMS 0x000000008f400000| PB 0x000000008f400000| Untracked 
| 245|0x000000008f500000, 0x000000008f600000, 0x000000008f600000|100%| O|  |TAMS 0x000000008f500000| PB 0x000000008f500000| Untracked 
| 246|0x000000008f600000, 0x000000008f700000, 0x000000008f700000|100%| O|  |TAMS 0x000000008f600000| PB 0x000000008f600000| Untracked 
| 247|0x000000008f700000, 0x000000008f800000, 0x000000008f800000|100%| O|  |TAMS 0x000000008f700000| PB 0x000000008f700000| Untracked 
| 248|0x000000008f800000, 0x000000008f900000, 0x000000008f900000|100%| O|  |TAMS 0x000000008f800000| PB 0x000000008f800000| Untracked 
| 249|0x000000008f900000, 0x000000008fa00000, 0x000000008fa00000|100%| O|  |TAMS 0x000000008f900000| PB 0x000000008f900000| Untracked 
| 250|0x000000008fa00000, 0x000000008fb00000, 0x000000008fb00000|100%| O|  |TAMS 0x000000008fa00000| PB 0x000000008fa00000| Untracked 
| 251|0x000000008fb00000, 0x000000008fc00000, 0x000000008fc00000|100%| O|  |TAMS 0x000000008fb00000| PB 0x000000008fb00000| Untracked 
| 252|0x000000008fc00000, 0x000000008fd00000, 0x000000008fd00000|100%| O|  |TAMS 0x000000008fc00000| PB 0x000000008fc00000| Untracked 
| 253|0x000000008fd00000, 0x000000008fe00000, 0x000000008fe00000|100%| O|  |TAMS 0x000000008fd00000| PB 0x000000008fd00000| Untracked 
| 254|0x000000008fe00000, 0x000000008ff00000, 0x000000008ff00000|100%| O|  |TAMS 0x000000008fe00000| PB 0x000000008fe00000| Untracked 
| 255|0x000000008ff00000, 0x0000000090000000, 0x0000000090000000|100%| O|  |TAMS 0x000000008ff00000| PB 0x000000008ff00000| Untracked 
| 256|0x0000000090000000, 0x0000000090100000, 0x0000000090100000|100%| O|  |TAMS 0x0000000090000000| PB 0x0000000090000000| Untracked 
| 257|0x0000000090100000, 0x0000000090200000, 0x0000000090200000|100%| O|  |TAMS 0x0000000090100000| PB 0x0000000090100000| Untracked 
| 258|0x0000000090200000, 0x0000000090300000, 0x0000000090300000|100%| O|  |TAMS 0x0000000090200000| PB 0x0000000090200000| Untracked 
| 259|0x0000000090300000, 0x0000000090400000, 0x0000000090400000|100%| O|  |TAMS 0x0000000090300000| PB 0x0000000090300000| Untracked 
| 260|0x0000000090400000, 0x0000000090500000, 0x0000000090500000|100%| O|  |TAMS 0x0000000090400000| PB 0x0000000090400000| Untracked 
| 261|0x0000000090500000, 0x0000000090600000, 0x0000000090600000|100%| O|  |TAMS 0x0000000090500000| PB 0x0000000090500000| Untracked 
| 262|0x0000000090600000, 0x0000000090700000, 0x0000000090700000|100%| O|  |TAMS 0x0000000090600000| PB 0x0000000090600000| Untracked 
| 263|0x0000000090700000, 0x0000000090800000, 0x0000000090800000|100%| O|  |TAMS 0x0000000090700000| PB 0x0000000090700000| Untracked 
| 264|0x0000000090800000, 0x0000000090900000, 0x0000000090900000|100%| O|  |TAMS 0x0000000090800000| PB 0x0000000090800000| Untracked 
| 265|0x0000000090900000, 0x0000000090a00000, 0x0000000090a00000|100%| O|  |TAMS 0x0000000090900000| PB 0x0000000090900000| Untracked 
| 266|0x0000000090a00000, 0x0000000090b00000, 0x0000000090b00000|100%| O|  |TAMS 0x0000000090a00000| PB 0x0000000090a00000| Untracked 
| 267|0x0000000090b00000, 0x0000000090c00000, 0x0000000090c00000|100%| O|  |TAMS 0x0000000090b00000| PB 0x0000000090b00000| Untracked 
| 268|0x0000000090c00000, 0x0000000090d00000, 0x0000000090d00000|100%| O|  |TAMS 0x0000000090c00000| PB 0x0000000090c00000| Untracked 
| 269|0x0000000090d00000, 0x0000000090e00000, 0x0000000090e00000|100%| O|  |TAMS 0x0000000090d00000| PB 0x0000000090d00000| Untracked 
| 270|0x0000000090e00000, 0x0000000090f00000, 0x0000000090f00000|100%| O|  |TAMS 0x0000000090e00000| PB 0x0000000090e00000| Untracked 
| 271|0x0000000090f00000, 0x0000000091000000, 0x0000000091000000|100%| O|  |TAMS 0x0000000090f00000| PB 0x0000000090f00000| Untracked 
| 272|0x0000000091000000, 0x0000000091100000, 0x0000000091100000|100%| O|  |TAMS 0x0000000091000000| PB 0x0000000091000000| Untracked 
| 273|0x0000000091100000, 0x0000000091200000, 0x0000000091200000|100%| O|  |TAMS 0x0000000091100000| PB 0x0000000091100000| Untracked 
| 274|0x0000000091200000, 0x0000000091300000, 0x0000000091300000|100%| O|  |TAMS 0x0000000091200000| PB 0x0000000091200000| Untracked 
| 275|0x0000000091300000, 0x0000000091400000, 0x0000000091400000|100%| O|  |TAMS 0x0000000091300000| PB 0x0000000091300000| Untracked 
| 276|0x0000000091400000, 0x0000000091500000, 0x0000000091500000|100%| O|  |TAMS 0x0000000091400000| PB 0x0000000091400000| Untracked 
| 277|0x0000000091500000, 0x0000000091600000, 0x0000000091600000|100%| O|  |TAMS 0x0000000091500000| PB 0x0000000091500000| Untracked 
| 278|0x0000000091600000, 0x0000000091700000, 0x0000000091700000|100%| O|  |TAMS 0x0000000091600000| PB 0x0000000091600000| Untracked 
| 279|0x0000000091700000, 0x0000000091800000, 0x0000000091800000|100%| O|  |TAMS 0x0000000091700000| PB 0x0000000091700000| Untracked 
| 280|0x0000000091800000, 0x0000000091900000, 0x0000000091900000|100%| O|  |TAMS 0x0000000091800000| PB 0x0000000091800000| Untracked 
| 281|0x0000000091900000, 0x0000000091a00000, 0x0000000091a00000|100%| O|  |TAMS 0x0000000091900000| PB 0x0000000091900000| Untracked 
| 282|0x0000000091a00000, 0x0000000091b00000, 0x0000000091b00000|100%| O|  |TAMS 0x0000000091a00000| PB 0x0000000091a00000| Untracked 
| 283|0x0000000091b00000, 0x0000000091c00000, 0x0000000091c00000|100%| O|  |TAMS 0x0000000091b00000| PB 0x0000000091b00000| Untracked 
| 284|0x0000000091c00000, 0x0000000091d00000, 0x0000000091d00000|100%| O|  |TAMS 0x0000000091c00000| PB 0x0000000091c00000| Untracked 
| 285|0x0000000091d00000, 0x0000000091e00000, 0x0000000091e00000|100%| O|  |TAMS 0x0000000091d00000| PB 0x0000000091d00000| Untracked 
| 286|0x0000000091e00000, 0x0000000091f00000, 0x0000000091f00000|100%| O|  |TAMS 0x0000000091e00000| PB 0x0000000091e00000| Untracked 
| 287|0x0000000091f00000, 0x0000000092000000, 0x0000000092000000|100%| O|  |TAMS 0x0000000091f00000| PB 0x0000000091f00000| Untracked 
| 288|0x0000000092000000, 0x0000000092100000, 0x0000000092100000|100%| O|  |TAMS 0x0000000092000000| PB 0x0000000092000000| Untracked 
| 289|0x0000000092100000, 0x0000000092200000, 0x0000000092200000|100%| O|  |TAMS 0x0000000092100000| PB 0x0000000092100000| Untracked 
| 290|0x0000000092200000, 0x0000000092300000, 0x0000000092300000|100%| O|  |TAMS 0x0000000092200000| PB 0x0000000092200000| Untracked 
| 291|0x0000000092300000, 0x0000000092300000, 0x0000000092400000|  0%| F|  |TAMS 0x0000000092300000| PB 0x0000000092300000| Untracked 
| 292|0x0000000092400000, 0x0000000092500000, 0x0000000092500000|100%| O|  |TAMS 0x0000000092400000| PB 0x0000000092400000| Untracked 
| 293|0x0000000092500000, 0x0000000092500000, 0x0000000092600000|  0%| F|  |TAMS 0x0000000092500000| PB 0x0000000092500000| Untracked 
| 294|0x0000000092600000, 0x0000000092700000, 0x0000000092700000|100%| O|  |TAMS 0x0000000092600000| PB 0x0000000092600000| Untracked 
| 295|0x0000000092700000, 0x0000000092800000, 0x0000000092800000|100%| O|  |TAMS 0x0000000092700000| PB 0x0000000092700000| Untracked 
| 296|0x0000000092800000, 0x0000000092900000, 0x0000000092900000|100%| O|  |TAMS 0x0000000092800000| PB 0x0000000092800000| Untracked 
| 297|0x0000000092900000, 0x0000000092a00000, 0x0000000092a00000|100%| O|  |TAMS 0x0000000092900000| PB 0x0000000092900000| Untracked 
| 298|0x0000000092a00000, 0x0000000092b00000, 0x0000000092b00000|100%| O|  |TAMS 0x0000000092a00000| PB 0x0000000092a00000| Untracked 
| 299|0x0000000092b00000, 0x0000000092b00000, 0x0000000092c00000|  0%| F|  |TAMS 0x0000000092b00000| PB 0x0000000092b00000| Untracked 
| 300|0x0000000092c00000, 0x0000000092c00000, 0x0000000092d00000|  0%| F|  |TAMS 0x0000000092c00000| PB 0x0000000092c00000| Untracked 
| 301|0x0000000092d00000, 0x0000000092e00000, 0x0000000092e00000|100%| O|  |TAMS 0x0000000092d00000| PB 0x0000000092d00000| Untracked 
| 302|0x0000000092e00000, 0x0000000092f00000, 0x0000000092f00000|100%| O|  |TAMS 0x0000000092e00000| PB 0x0000000092e00000| Untracked 
| 303|0x0000000092f00000, 0x0000000093000000, 0x0000000093000000|100%| O|  |TAMS 0x0000000092f00000| PB 0x0000000092f00000| Untracked 
| 304|0x0000000093000000, 0x0000000093100000, 0x0000000093100000|100%| O|  |TAMS 0x0000000093000000| PB 0x0000000093000000| Untracked 
| 305|0x0000000093100000, 0x0000000093200000, 0x0000000093200000|100%| O|  |TAMS 0x0000000093100000| PB 0x0000000093100000| Untracked 
| 306|0x0000000093200000, 0x0000000093300000, 0x0000000093300000|100%| O|  |TAMS 0x0000000093200000| PB 0x0000000093200000| Untracked 
| 307|0x0000000093300000, 0x0000000093400000, 0x0000000093400000|100%| O|  |TAMS 0x0000000093300000| PB 0x0000000093300000| Untracked 
| 308|0x0000000093400000, 0x0000000093500000, 0x0000000093500000|100%| O|  |TAMS 0x0000000093400000| PB 0x0000000093400000| Untracked 
| 309|0x0000000093500000, 0x0000000093600000, 0x0000000093600000|100%| O|  |TAMS 0x0000000093500000| PB 0x0000000093500000| Untracked 
| 310|0x0000000093600000, 0x0000000093700000, 0x0000000093700000|100%| O|  |TAMS 0x0000000093600000| PB 0x0000000093600000| Untracked 
| 311|0x0000000093700000, 0x0000000093800000, 0x0000000093800000|100%| O|  |TAMS 0x0000000093700000| PB 0x0000000093700000| Untracked 
| 312|0x0000000093800000, 0x0000000093900000, 0x0000000093900000|100%| O|  |TAMS 0x0000000093800000| PB 0x0000000093800000| Untracked 
| 313|0x0000000093900000, 0x0000000093900000, 0x0000000093a00000|  0%| F|  |TAMS 0x0000000093900000| PB 0x0000000093900000| Untracked 
| 314|0x0000000093a00000, 0x0000000093b00000, 0x0000000093b00000|100%| O|  |TAMS 0x0000000093a00000| PB 0x0000000093a00000| Untracked 
| 315|0x0000000093b00000, 0x0000000093c00000, 0x0000000093c00000|100%| O|  |TAMS 0x0000000093b00000| PB 0x0000000093b00000| Untracked 
| 316|0x0000000093c00000, 0x0000000093d00000, 0x0000000093d00000|100%| O|  |TAMS 0x0000000093c00000| PB 0x0000000093c00000| Untracked 
| 317|0x0000000093d00000, 0x0000000093e00000, 0x0000000093e00000|100%| O|  |TAMS 0x0000000093d00000| PB 0x0000000093d00000| Untracked 
| 318|0x0000000093e00000, 0x0000000093f00000, 0x0000000093f00000|100%| O|  |TAMS 0x0000000093e00000| PB 0x0000000093e00000| Untracked 
| 319|0x0000000093f00000, 0x0000000094000000, 0x0000000094000000|100%| O|  |TAMS 0x0000000093f00000| PB 0x0000000093f00000| Untracked 
| 320|0x0000000094000000, 0x0000000094100000, 0x0000000094100000|100%| O|  |TAMS 0x0000000094000000| PB 0x0000000094000000| Untracked 
| 321|0x0000000094100000, 0x0000000094200000, 0x0000000094200000|100%| O|  |TAMS 0x0000000094100000| PB 0x0000000094100000| Untracked 
| 322|0x0000000094200000, 0x0000000094300000, 0x0000000094300000|100%| O|  |TAMS 0x0000000094200000| PB 0x0000000094200000| Untracked 
| 323|0x0000000094300000, 0x0000000094400000, 0x0000000094400000|100%| O|  |TAMS 0x0000000094300000| PB 0x0000000094300000| Untracked 
| 324|0x0000000094400000, 0x0000000094500000, 0x0000000094500000|100%| O|  |TAMS 0x0000000094400000| PB 0x0000000094400000| Untracked 
| 325|0x0000000094500000, 0x0000000094500000, 0x0000000094600000|  0%| F|  |TAMS 0x0000000094500000| PB 0x0000000094500000| Untracked 
| 326|0x0000000094600000, 0x0000000094600000, 0x0000000094700000|  0%| F|  |TAMS 0x0000000094600000| PB 0x0000000094600000| Untracked 
| 327|0x0000000094700000, 0x0000000094800000, 0x0000000094800000|100%| O|  |TAMS 0x0000000094700000| PB 0x0000000094700000| Untracked 
| 328|0x0000000094800000, 0x0000000094900000, 0x0000000094900000|100%| O|  |TAMS 0x0000000094800000| PB 0x0000000094800000| Untracked 
| 329|0x0000000094900000, 0x0000000094a00000, 0x0000000094a00000|100%| O|  |TAMS 0x0000000094900000| PB 0x0000000094900000| Untracked 
| 330|0x0000000094a00000, 0x0000000094b00000, 0x0000000094b00000|100%| O|  |TAMS 0x0000000094a00000| PB 0x0000000094a00000| Untracked 
| 331|0x0000000094b00000, 0x0000000094c00000, 0x0000000094c00000|100%| O|  |TAMS 0x0000000094b00000| PB 0x0000000094b00000| Untracked 
| 332|0x0000000094c00000, 0x0000000094d00000, 0x0000000094d00000|100%| O|  |TAMS 0x0000000094c00000| PB 0x0000000094c00000| Untracked 
| 333|0x0000000094d00000, 0x0000000094e00000, 0x0000000094e00000|100%| O|  |TAMS 0x0000000094d00000| PB 0x0000000094d00000| Untracked 
| 334|0x0000000094e00000, 0x0000000094f00000, 0x0000000094f00000|100%| O|  |TAMS 0x0000000094e00000| PB 0x0000000094e00000| Untracked 
| 335|0x0000000094f00000, 0x0000000095000000, 0x0000000095000000|100%| O|  |TAMS 0x0000000094f00000| PB 0x0000000094f00000| Untracked 
| 336|0x0000000095000000, 0x0000000095100000, 0x0000000095100000|100%| O|  |TAMS 0x0000000095000000| PB 0x0000000095000000| Untracked 
| 337|0x0000000095100000, 0x0000000095200000, 0x0000000095200000|100%| O|  |TAMS 0x0000000095100000| PB 0x0000000095100000| Untracked 
| 338|0x0000000095200000, 0x0000000095300000, 0x0000000095300000|100%| O|  |TAMS 0x0000000095200000| PB 0x0000000095200000| Untracked 
| 339|0x0000000095300000, 0x0000000095400000, 0x0000000095400000|100%| O|  |TAMS 0x0000000095300000| PB 0x0000000095300000| Untracked 
| 340|0x0000000095400000, 0x0000000095500000, 0x0000000095500000|100%| O|  |TAMS 0x0000000095400000| PB 0x0000000095400000| Untracked 
| 341|0x0000000095500000, 0x0000000095500000, 0x0000000095600000|  0%| F|  |TAMS 0x0000000095500000| PB 0x0000000095500000| Untracked 
| 342|0x0000000095600000, 0x0000000095700000, 0x0000000095700000|100%| O|  |TAMS 0x0000000095600000| PB 0x0000000095600000| Untracked 
| 343|0x0000000095700000, 0x0000000095700000, 0x0000000095800000|  0%| F|  |TAMS 0x0000000095700000| PB 0x0000000095700000| Untracked 
| 344|0x0000000095800000, 0x0000000095900000, 0x0000000095900000|100%| O|  |TAMS 0x0000000095800000| PB 0x0000000095800000| Untracked 
| 345|0x0000000095900000, 0x0000000095a00000, 0x0000000095a00000|100%| O|  |TAMS 0x0000000095900000| PB 0x0000000095900000| Untracked 
| 346|0x0000000095a00000, 0x0000000095b00000, 0x0000000095b00000|100%| O|  |TAMS 0x0000000095a00000| PB 0x0000000095a00000| Untracked 
| 347|0x0000000095b00000, 0x0000000095c00000, 0x0000000095c00000|100%| O|  |TAMS 0x0000000095b00000| PB 0x0000000095b00000| Untracked 
| 348|0x0000000095c00000, 0x0000000095d00000, 0x0000000095d00000|100%| O|  |TAMS 0x0000000095c00000| PB 0x0000000095c00000| Untracked 
| 349|0x0000000095d00000, 0x0000000095e00000, 0x0000000095e00000|100%| O|  |TAMS 0x0000000095d00000| PB 0x0000000095d00000| Untracked 
| 350|0x0000000095e00000, 0x0000000095f00000, 0x0000000095f00000|100%| O|  |TAMS 0x0000000095e00000| PB 0x0000000095e00000| Untracked 
| 351|0x0000000095f00000, 0x0000000096000000, 0x0000000096000000|100%| O|  |TAMS 0x0000000095f00000| PB 0x0000000095f00000| Untracked 
| 352|0x0000000096000000, 0x0000000096100000, 0x0000000096100000|100%| O|  |TAMS 0x0000000096000000| PB 0x0000000096000000| Untracked 
| 353|0x0000000096100000, 0x00000000961f82f8, 0x0000000096200000| 96%| O|  |TAMS 0x0000000096100000| PB 0x0000000096100000| Untracked 
| 354|0x0000000096200000, 0x0000000096200000, 0x0000000096300000|  0%| F|  |TAMS 0x0000000096200000| PB 0x0000000096200000| Untracked 
| 355|0x0000000096300000, 0x0000000096300000, 0x0000000096400000|  0%| F|  |TAMS 0x0000000096300000| PB 0x0000000096300000| Untracked 
| 356|0x0000000096400000, 0x0000000096400000, 0x0000000096500000|  0%| F|  |TAMS 0x0000000096400000| PB 0x0000000096400000| Untracked 
| 357|0x0000000096500000, 0x0000000096500000, 0x0000000096600000|  0%| F|  |TAMS 0x0000000096500000| PB 0x0000000096500000| Untracked 
| 358|0x0000000096600000, 0x0000000096600000, 0x0000000096700000|  0%| F|  |TAMS 0x0000000096600000| PB 0x0000000096600000| Untracked 
| 359|0x0000000096700000, 0x0000000096700000, 0x0000000096800000|  0%| F|  |TAMS 0x0000000096700000| PB 0x0000000096700000| Untracked 
| 360|0x0000000096800000, 0x0000000096800000, 0x0000000096900000|  0%| F|  |TAMS 0x0000000096800000| PB 0x0000000096800000| Untracked 
| 361|0x0000000096900000, 0x0000000096900000, 0x0000000096a00000|  0%| F|  |TAMS 0x0000000096900000| PB 0x0000000096900000| Untracked 
| 362|0x0000000096a00000, 0x0000000096a00000, 0x0000000096b00000|  0%| F|  |TAMS 0x0000000096a00000| PB 0x0000000096a00000| Untracked 
| 363|0x0000000096b00000, 0x0000000096b00000, 0x0000000096c00000|  0%| F|  |TAMS 0x0000000096b00000| PB 0x0000000096b00000| Untracked 
| 364|0x0000000096c00000, 0x0000000096c00000, 0x0000000096d00000|  0%| F|  |TAMS 0x0000000096c00000| PB 0x0000000096c00000| Untracked 
| 365|0x0000000096d00000, 0x0000000096d00000, 0x0000000096e00000|  0%| F|  |TAMS 0x0000000096d00000| PB 0x0000000096d00000| Untracked 
| 366|0x0000000096e00000, 0x0000000096e00000, 0x0000000096f00000|  0%| F|  |TAMS 0x0000000096e00000| PB 0x0000000096e00000| Untracked 
| 367|0x0000000096f00000, 0x0000000096f00000, 0x0000000097000000|  0%| F|  |TAMS 0x0000000096f00000| PB 0x0000000096f00000| Untracked 
| 368|0x0000000097000000, 0x0000000097000000, 0x0000000097100000|  0%| F|  |TAMS 0x0000000097000000| PB 0x0000000097000000| Untracked 
| 369|0x0000000097100000, 0x00000000971fe3a0, 0x0000000097200000| 99%| S|CS|TAMS 0x0000000097100000| PB 0x0000000097100000| Complete 
| 370|0x0000000097200000, 0x0000000097300000, 0x0000000097300000|100%| S|CS|TAMS 0x0000000097200000| PB 0x0000000097200000| Complete 
| 371|0x0000000097300000, 0x0000000097400000, 0x0000000097400000|100%| S|CS|TAMS 0x0000000097300000| PB 0x0000000097300000| Complete 
| 372|0x0000000097400000, 0x0000000097500000, 0x0000000097500000|100%| S|CS|TAMS 0x0000000097400000| PB 0x0000000097400000| Complete 
| 373|0x0000000097500000, 0x0000000097600000, 0x0000000097600000|100%| S|CS|TAMS 0x0000000097500000| PB 0x0000000097500000| Complete 
| 374|0x0000000097600000, 0x0000000097700000, 0x0000000097700000|100%| S|CS|TAMS 0x0000000097600000| PB 0x0000000097600000| Complete 
| 375|0x0000000097700000, 0x0000000097800000, 0x0000000097800000|100%| S|CS|TAMS 0x0000000097700000| PB 0x0000000097700000| Complete 
| 376|0x0000000097800000, 0x0000000097900000, 0x0000000097900000|100%| S|CS|TAMS 0x0000000097800000| PB 0x0000000097800000| Complete 
| 377|0x0000000097900000, 0x0000000097a00000, 0x0000000097a00000|100%| S|CS|TAMS 0x0000000097900000| PB 0x0000000097900000| Complete 
| 378|0x0000000097a00000, 0x0000000097b00000, 0x0000000097b00000|100%| S|CS|TAMS 0x0000000097a00000| PB 0x0000000097a00000| Complete 
| 379|0x0000000097b00000, 0x0000000097c00000, 0x0000000097c00000|100%| S|CS|TAMS 0x0000000097b00000| PB 0x0000000097b00000| Complete 
| 380|0x0000000097c00000, 0x0000000097d00000, 0x0000000097d00000|100%| S|CS|TAMS 0x0000000097c00000| PB 0x0000000097c00000| Complete 
| 381|0x0000000097d00000, 0x0000000097e00000, 0x0000000097e00000|100%| S|CS|TAMS 0x0000000097d00000| PB 0x0000000097d00000| Complete 
| 382|0x0000000097e00000, 0x0000000097f00000, 0x0000000097f00000|100%| S|CS|TAMS 0x0000000097e00000| PB 0x0000000097e00000| Complete 
| 383|0x0000000097f00000, 0x0000000098000000, 0x0000000098000000|100%| S|CS|TAMS 0x0000000097f00000| PB 0x0000000097f00000| Complete 
| 384|0x0000000098000000, 0x0000000098100000, 0x0000000098100000|100%| S|CS|TAMS 0x0000000098000000| PB 0x0000000098000000| Complete 
| 385|0x0000000098100000, 0x0000000098200000, 0x0000000098200000|100%| S|CS|TAMS 0x0000000098100000| PB 0x0000000098100000| Complete 
| 386|0x0000000098200000, 0x0000000098300000, 0x0000000098300000|100%| S|CS|TAMS 0x0000000098200000| PB 0x0000000098200000| Complete 
| 387|0x0000000098300000, 0x0000000098400000, 0x0000000098400000|100%| S|CS|TAMS 0x0000000098300000| PB 0x0000000098300000| Complete 
| 388|0x0000000098400000, 0x0000000098500000, 0x0000000098500000|100%| S|CS|TAMS 0x0000000098400000| PB 0x0000000098400000| Complete 
| 389|0x0000000098500000, 0x0000000098600000, 0x0000000098600000|100%| S|CS|TAMS 0x0000000098500000| PB 0x0000000098500000| Complete 
| 390|0x0000000098600000, 0x0000000098700000, 0x0000000098700000|100%| S|CS|TAMS 0x0000000098600000| PB 0x0000000098600000| Complete 
| 391|0x0000000098700000, 0x0000000098700000, 0x0000000098800000|  0%| F|  |TAMS 0x0000000098700000| PB 0x0000000098700000| Untracked 
| 392|0x0000000098800000, 0x0000000098800000, 0x0000000098900000|  0%| F|  |TAMS 0x0000000098800000| PB 0x0000000098800000| Untracked 
| 393|0x0000000098900000, 0x0000000098900000, 0x0000000098a00000|  0%| F|  |TAMS 0x0000000098900000| PB 0x0000000098900000| Untracked 
| 394|0x0000000098a00000, 0x0000000098a00000, 0x0000000098b00000|  0%| F|  |TAMS 0x0000000098a00000| PB 0x0000000098a00000| Untracked 
| 395|0x0000000098b00000, 0x0000000098b00000, 0x0000000098c00000|  0%| F|  |TAMS 0x0000000098b00000| PB 0x0000000098b00000| Untracked 
| 396|0x0000000098c00000, 0x0000000098c00000, 0x0000000098d00000|  0%| F|  |TAMS 0x0000000098c00000| PB 0x0000000098c00000| Untracked 
| 397|0x0000000098d00000, 0x0000000098d00000, 0x0000000098e00000|  0%| F|  |TAMS 0x0000000098d00000| PB 0x0000000098d00000| Untracked 
| 398|0x0000000098e00000, 0x0000000098e00000, 0x0000000098f00000|  0%| F|  |TAMS 0x0000000098e00000| PB 0x0000000098e00000| Untracked 
| 399|0x0000000098f00000, 0x0000000098f00000, 0x0000000099000000|  0%| F|  |TAMS 0x0000000098f00000| PB 0x0000000098f00000| Untracked 
| 400|0x0000000099000000, 0x0000000099000000, 0x0000000099100000|  0%| F|  |TAMS 0x0000000099000000| PB 0x0000000099000000| Untracked 
| 401|0x0000000099100000, 0x0000000099100000, 0x0000000099200000|  0%| F|  |TAMS 0x0000000099100000| PB 0x0000000099100000| Untracked 
| 402|0x0000000099200000, 0x0000000099200000, 0x0000000099300000|  0%| F|  |TAMS 0x0000000099200000| PB 0x0000000099200000| Untracked 
| 403|0x0000000099300000, 0x0000000099300000, 0x0000000099400000|  0%| F|  |TAMS 0x0000000099300000| PB 0x0000000099300000| Untracked 
| 404|0x0000000099400000, 0x0000000099400000, 0x0000000099500000|  0%| F|  |TAMS 0x0000000099400000| PB 0x0000000099400000| Untracked 
| 405|0x0000000099500000, 0x0000000099500000, 0x0000000099600000|  0%| F|  |TAMS 0x0000000099500000| PB 0x0000000099500000| Untracked 
| 406|0x0000000099600000, 0x0000000099600000, 0x0000000099700000|  0%| F|  |TAMS 0x0000000099600000| PB 0x0000000099600000| Untracked 
| 407|0x0000000099700000, 0x0000000099700000, 0x0000000099800000|  0%| F|  |TAMS 0x0000000099700000| PB 0x0000000099700000| Untracked 
| 408|0x0000000099800000, 0x0000000099800000, 0x0000000099900000|  0%| F|  |TAMS 0x0000000099800000| PB 0x0000000099800000| Untracked 
| 409|0x0000000099900000, 0x0000000099900000, 0x0000000099a00000|  0%| F|  |TAMS 0x0000000099900000| PB 0x0000000099900000| Untracked 
| 410|0x0000000099a00000, 0x0000000099a00000, 0x0000000099b00000|  0%| F|  |TAMS 0x0000000099a00000| PB 0x0000000099a00000| Untracked 
| 411|0x0000000099b00000, 0x0000000099b00000, 0x0000000099c00000|  0%| F|  |TAMS 0x0000000099b00000| PB 0x0000000099b00000| Untracked 
| 412|0x0000000099c00000, 0x0000000099c00000, 0x0000000099d00000|  0%| F|  |TAMS 0x0000000099c00000| PB 0x0000000099c00000| Untracked 
| 413|0x0000000099d00000, 0x0000000099d00000, 0x0000000099e00000|  0%| F|  |TAMS 0x0000000099d00000| PB 0x0000000099d00000| Untracked 
| 414|0x0000000099e00000, 0x0000000099e00000, 0x0000000099f00000|  0%| F|  |TAMS 0x0000000099e00000| PB 0x0000000099e00000| Untracked 
| 415|0x0000000099f00000, 0x0000000099f00000, 0x000000009a000000|  0%| F|  |TAMS 0x0000000099f00000| PB 0x0000000099f00000| Untracked 
| 416|0x000000009a000000, 0x000000009a000000, 0x000000009a100000|  0%| F|  |TAMS 0x000000009a000000| PB 0x000000009a000000| Untracked 
| 417|0x000000009a100000, 0x000000009a100000, 0x000000009a200000|  0%| F|  |TAMS 0x000000009a100000| PB 0x000000009a100000| Untracked 
| 418|0x000000009a200000, 0x000000009a200000, 0x000000009a300000|  0%| F|  |TAMS 0x000000009a200000| PB 0x000000009a200000| Untracked 
| 419|0x000000009a300000, 0x000000009a300000, 0x000000009a400000|  0%| F|  |TAMS 0x000000009a300000| PB 0x000000009a300000| Untracked 
| 420|0x000000009a400000, 0x000000009a400000, 0x000000009a500000|  0%| F|  |TAMS 0x000000009a400000| PB 0x000000009a400000| Untracked 
| 421|0x000000009a500000, 0x000000009a500000, 0x000000009a600000|  0%| F|  |TAMS 0x000000009a500000| PB 0x000000009a500000| Untracked 
| 422|0x000000009a600000, 0x000000009a600000, 0x000000009a700000|  0%| F|  |TAMS 0x000000009a600000| PB 0x000000009a600000| Untracked 
| 423|0x000000009a700000, 0x000000009a700000, 0x000000009a800000|  0%| F|  |TAMS 0x000000009a700000| PB 0x000000009a700000| Untracked 
| 424|0x000000009a800000, 0x000000009a800000, 0x000000009a900000|  0%| F|  |TAMS 0x000000009a800000| PB 0x000000009a800000| Untracked 
| 425|0x000000009a900000, 0x000000009a900000, 0x000000009aa00000|  0%| F|  |TAMS 0x000000009a900000| PB 0x000000009a900000| Untracked 
| 426|0x000000009aa00000, 0x000000009aa00000, 0x000000009ab00000|  0%| F|  |TAMS 0x000000009aa00000| PB 0x000000009aa00000| Untracked 
| 427|0x000000009ab00000, 0x000000009ab00000, 0x000000009ac00000|  0%| F|  |TAMS 0x000000009ab00000| PB 0x000000009ab00000| Untracked 
| 428|0x000000009ac00000, 0x000000009ac00000, 0x000000009ad00000|  0%| F|  |TAMS 0x000000009ac00000| PB 0x000000009ac00000| Untracked 
| 429|0x000000009ad00000, 0x000000009ad00000, 0x000000009ae00000|  0%| F|  |TAMS 0x000000009ad00000| PB 0x000000009ad00000| Untracked 
| 430|0x000000009ae00000, 0x000000009ae00000, 0x000000009af00000|  0%| F|  |TAMS 0x000000009ae00000| PB 0x000000009ae00000| Untracked 
| 431|0x000000009af00000, 0x000000009af00000, 0x000000009b000000|  0%| F|  |TAMS 0x000000009af00000| PB 0x000000009af00000| Untracked 
| 432|0x000000009b000000, 0x000000009b000000, 0x000000009b100000|  0%| F|  |TAMS 0x000000009b000000| PB 0x000000009b000000| Untracked 
| 433|0x000000009b100000, 0x000000009b100000, 0x000000009b200000|  0%| F|  |TAMS 0x000000009b100000| PB 0x000000009b100000| Untracked 
| 434|0x000000009b200000, 0x000000009b200000, 0x000000009b300000|  0%| F|  |TAMS 0x000000009b200000| PB 0x000000009b200000| Untracked 
| 435|0x000000009b300000, 0x000000009b300000, 0x000000009b400000|  0%| F|  |TAMS 0x000000009b300000| PB 0x000000009b300000| Untracked 
| 436|0x000000009b400000, 0x000000009b400000, 0x000000009b500000|  0%| F|  |TAMS 0x000000009b400000| PB 0x000000009b400000| Untracked 
| 437|0x000000009b500000, 0x000000009b500000, 0x000000009b600000|  0%| F|  |TAMS 0x000000009b500000| PB 0x000000009b500000| Untracked 
| 438|0x000000009b600000, 0x000000009b600000, 0x000000009b700000|  0%| F|  |TAMS 0x000000009b600000| PB 0x000000009b600000| Untracked 
| 439|0x000000009b700000, 0x000000009b700000, 0x000000009b800000|  0%| F|  |TAMS 0x000000009b700000| PB 0x000000009b700000| Untracked 
| 440|0x000000009b800000, 0x000000009b800000, 0x000000009b900000|  0%| F|  |TAMS 0x000000009b800000| PB 0x000000009b800000| Untracked 
| 441|0x000000009b900000, 0x000000009b900000, 0x000000009ba00000|  0%| F|  |TAMS 0x000000009b900000| PB 0x000000009b900000| Untracked 
| 442|0x000000009ba00000, 0x000000009ba00000, 0x000000009bb00000|  0%| F|  |TAMS 0x000000009ba00000| PB 0x000000009ba00000| Untracked 
| 443|0x000000009bb00000, 0x000000009bb00000, 0x000000009bc00000|  0%| F|  |TAMS 0x000000009bb00000| PB 0x000000009bb00000| Untracked 
| 444|0x000000009bc00000, 0x000000009bc00000, 0x000000009bd00000|  0%| F|  |TAMS 0x000000009bc00000| PB 0x000000009bc00000| Untracked 
| 445|0x000000009bd00000, 0x000000009bd00000, 0x000000009be00000|  0%| F|  |TAMS 0x000000009bd00000| PB 0x000000009bd00000| Untracked 
| 446|0x000000009be00000, 0x000000009be00000, 0x000000009bf00000|  0%| F|  |TAMS 0x000000009be00000| PB 0x000000009be00000| Untracked 
| 447|0x000000009bf00000, 0x000000009bf00000, 0x000000009c000000|  0%| F|  |TAMS 0x000000009bf00000| PB 0x000000009bf00000| Untracked 
| 448|0x000000009c000000, 0x000000009c000000, 0x000000009c100000|  0%| F|  |TAMS 0x000000009c000000| PB 0x000000009c000000| Untracked 
| 449|0x000000009c100000, 0x000000009c100000, 0x000000009c200000|  0%| F|  |TAMS 0x000000009c100000| PB 0x000000009c100000| Untracked 
| 450|0x000000009c200000, 0x000000009c200000, 0x000000009c300000|  0%| F|  |TAMS 0x000000009c200000| PB 0x000000009c200000| Untracked 
| 451|0x000000009c300000, 0x000000009c300000, 0x000000009c400000|  0%| F|  |TAMS 0x000000009c300000| PB 0x000000009c300000| Untracked 
| 452|0x000000009c400000, 0x000000009c400000, 0x000000009c500000|  0%| F|  |TAMS 0x000000009c400000| PB 0x000000009c400000| Untracked 
| 453|0x000000009c500000, 0x000000009c500000, 0x000000009c600000|  0%| F|  |TAMS 0x000000009c500000| PB 0x000000009c500000| Untracked 
| 454|0x000000009c600000, 0x000000009c600000, 0x000000009c700000|  0%| F|  |TAMS 0x000000009c600000| PB 0x000000009c600000| Untracked 
| 455|0x000000009c700000, 0x000000009c700000, 0x000000009c800000|  0%| F|  |TAMS 0x000000009c700000| PB 0x000000009c700000| Untracked 
| 456|0x000000009c800000, 0x000000009c800000, 0x000000009c900000|  0%| F|  |TAMS 0x000000009c800000| PB 0x000000009c800000| Untracked 
| 457|0x000000009c900000, 0x000000009c900000, 0x000000009ca00000|  0%| F|  |TAMS 0x000000009c900000| PB 0x000000009c900000| Untracked 
| 458|0x000000009ca00000, 0x000000009ca00000, 0x000000009cb00000|  0%| F|  |TAMS 0x000000009ca00000| PB 0x000000009ca00000| Untracked 
| 459|0x000000009cb00000, 0x000000009cb00000, 0x000000009cc00000|  0%| F|  |TAMS 0x000000009cb00000| PB 0x000000009cb00000| Untracked 
| 460|0x000000009cc00000, 0x000000009cc00000, 0x000000009cd00000|  0%| F|  |TAMS 0x000000009cc00000| PB 0x000000009cc00000| Untracked 
| 461|0x000000009cd00000, 0x000000009cd00000, 0x000000009ce00000|  0%| F|  |TAMS 0x000000009cd00000| PB 0x000000009cd00000| Untracked 
| 462|0x000000009ce00000, 0x000000009ce00000, 0x000000009cf00000|  0%| F|  |TAMS 0x000000009ce00000| PB 0x000000009ce00000| Untracked 
| 463|0x000000009cf00000, 0x000000009cf00000, 0x000000009d000000|  0%| F|  |TAMS 0x000000009cf00000| PB 0x000000009cf00000| Untracked 
| 464|0x000000009d000000, 0x000000009d000000, 0x000000009d100000|  0%| F|  |TAMS 0x000000009d000000| PB 0x000000009d000000| Untracked 
| 465|0x000000009d100000, 0x000000009d100000, 0x000000009d200000|  0%| F|  |TAMS 0x000000009d100000| PB 0x000000009d100000| Untracked 
| 466|0x000000009d200000, 0x000000009d200000, 0x000000009d300000|  0%| F|  |TAMS 0x000000009d200000| PB 0x000000009d200000| Untracked 
| 467|0x000000009d300000, 0x000000009d300000, 0x000000009d400000|  0%| F|  |TAMS 0x000000009d300000| PB 0x000000009d300000| Untracked 
| 468|0x000000009d400000, 0x000000009d400000, 0x000000009d500000|  0%| F|  |TAMS 0x000000009d400000| PB 0x000000009d400000| Untracked 
| 469|0x000000009d500000, 0x000000009d500000, 0x000000009d600000|  0%| F|  |TAMS 0x000000009d500000| PB 0x000000009d500000| Untracked 
| 470|0x000000009d600000, 0x000000009d600000, 0x000000009d700000|  0%| F|  |TAMS 0x000000009d600000| PB 0x000000009d600000| Untracked 
| 471|0x000000009d700000, 0x000000009d700000, 0x000000009d800000|  0%| F|  |TAMS 0x000000009d700000| PB 0x000000009d700000| Untracked 
| 472|0x000000009d800000, 0x000000009d800000, 0x000000009d900000|  0%| F|  |TAMS 0x000000009d800000| PB 0x000000009d800000| Untracked 
| 473|0x000000009d900000, 0x000000009d900000, 0x000000009da00000|  0%| F|  |TAMS 0x000000009d900000| PB 0x000000009d900000| Untracked 
| 474|0x000000009da00000, 0x000000009da00000, 0x000000009db00000|  0%| F|  |TAMS 0x000000009da00000| PB 0x000000009da00000| Untracked 
| 475|0x000000009db00000, 0x000000009db00000, 0x000000009dc00000|  0%| F|  |TAMS 0x000000009db00000| PB 0x000000009db00000| Untracked 
| 476|0x000000009dc00000, 0x000000009dc00000, 0x000000009dd00000|  0%| F|  |TAMS 0x000000009dc00000| PB 0x000000009dc00000| Untracked 
| 477|0x000000009dd00000, 0x000000009dd00000, 0x000000009de00000|  0%| F|  |TAMS 0x000000009dd00000| PB 0x000000009dd00000| Untracked 
| 478|0x000000009de00000, 0x000000009de00000, 0x000000009df00000|  0%| F|  |TAMS 0x000000009de00000| PB 0x000000009de00000| Untracked 
| 479|0x000000009df00000, 0x000000009df00000, 0x000000009e000000|  0%| F|  |TAMS 0x000000009df00000| PB 0x000000009df00000| Untracked 
| 480|0x000000009e000000, 0x000000009e000000, 0x000000009e100000|  0%| F|  |TAMS 0x000000009e000000| PB 0x000000009e000000| Untracked 
| 481|0x000000009e100000, 0x000000009e100000, 0x000000009e200000|  0%| F|  |TAMS 0x000000009e100000| PB 0x000000009e100000| Untracked 
| 482|0x000000009e200000, 0x000000009e200000, 0x000000009e300000|  0%| F|  |TAMS 0x000000009e200000| PB 0x000000009e200000| Untracked 
| 483|0x000000009e300000, 0x000000009e300000, 0x000000009e400000|  0%| F|  |TAMS 0x000000009e300000| PB 0x000000009e300000| Untracked 
| 484|0x000000009e400000, 0x000000009e400000, 0x000000009e500000|  0%| F|  |TAMS 0x000000009e400000| PB 0x000000009e400000| Untracked 
| 485|0x000000009e500000, 0x000000009e500000, 0x000000009e600000|  0%| F|  |TAMS 0x000000009e500000| PB 0x000000009e500000| Untracked 
| 486|0x000000009e600000, 0x000000009e600000, 0x000000009e700000|  0%| F|  |TAMS 0x000000009e600000| PB 0x000000009e600000| Untracked 
| 487|0x000000009e700000, 0x000000009e700000, 0x000000009e800000|  0%| F|  |TAMS 0x000000009e700000| PB 0x000000009e700000| Untracked 
| 488|0x000000009e800000, 0x000000009e800000, 0x000000009e900000|  0%| F|  |TAMS 0x000000009e800000| PB 0x000000009e800000| Untracked 
| 489|0x000000009e900000, 0x000000009e900000, 0x000000009ea00000|  0%| F|  |TAMS 0x000000009e900000| PB 0x000000009e900000| Untracked 
| 490|0x000000009ea00000, 0x000000009ea00000, 0x000000009eb00000|  0%| F|  |TAMS 0x000000009ea00000| PB 0x000000009ea00000| Untracked 
| 491|0x000000009eb00000, 0x000000009eb00000, 0x000000009ec00000|  0%| F|  |TAMS 0x000000009eb00000| PB 0x000000009eb00000| Untracked 
| 492|0x000000009ec00000, 0x000000009ec00000, 0x000000009ed00000|  0%| F|  |TAMS 0x000000009ec00000| PB 0x000000009ec00000| Untracked 
| 493|0x000000009ed00000, 0x000000009ed00000, 0x000000009ee00000|  0%| F|  |TAMS 0x000000009ed00000| PB 0x000000009ed00000| Untracked 
| 494|0x000000009ee00000, 0x000000009ee00000, 0x000000009ef00000|  0%| F|  |TAMS 0x000000009ee00000| PB 0x000000009ee00000| Untracked 
| 495|0x000000009ef00000, 0x000000009ef00000, 0x000000009f000000|  0%| F|  |TAMS 0x000000009ef00000| PB 0x000000009ef00000| Untracked 
| 496|0x000000009f000000, 0x000000009f000000, 0x000000009f100000|  0%| F|  |TAMS 0x000000009f000000| PB 0x000000009f000000| Untracked 
| 497|0x000000009f100000, 0x000000009f100000, 0x000000009f200000|  0%| F|  |TAMS 0x000000009f100000| PB 0x000000009f100000| Untracked 
| 498|0x000000009f200000, 0x000000009f200000, 0x000000009f300000|  0%| F|  |TAMS 0x000000009f200000| PB 0x000000009f200000| Untracked 
| 499|0x000000009f300000, 0x000000009f300000, 0x000000009f400000|  0%| F|  |TAMS 0x000000009f300000| PB 0x000000009f300000| Untracked 
| 500|0x000000009f400000, 0x000000009f400000, 0x000000009f500000|  0%| F|  |TAMS 0x000000009f400000| PB 0x000000009f400000| Untracked 
| 501|0x000000009f500000, 0x000000009f500000, 0x000000009f600000|  0%| F|  |TAMS 0x000000009f500000| PB 0x000000009f500000| Untracked 
| 502|0x000000009f600000, 0x000000009f600000, 0x000000009f700000|  0%| F|  |TAMS 0x000000009f600000| PB 0x000000009f600000| Untracked 
| 503|0x000000009f700000, 0x000000009f700000, 0x000000009f800000|  0%| F|  |TAMS 0x000000009f700000| PB 0x000000009f700000| Untracked 
| 504|0x000000009f800000, 0x000000009f800000, 0x000000009f900000|  0%| F|  |TAMS 0x000000009f800000| PB 0x000000009f800000| Untracked 
| 505|0x000000009f900000, 0x000000009f900000, 0x000000009fa00000|  0%| F|  |TAMS 0x000000009f900000| PB 0x000000009f900000| Untracked 
| 506|0x000000009fa00000, 0x000000009fa00000, 0x000000009fb00000|  0%| F|  |TAMS 0x000000009fa00000| PB 0x000000009fa00000| Untracked 
| 507|0x000000009fb00000, 0x000000009fb00000, 0x000000009fc00000|  0%| F|  |TAMS 0x000000009fb00000| PB 0x000000009fb00000| Untracked 
| 508|0x000000009fc00000, 0x000000009fc00000, 0x000000009fd00000|  0%| F|  |TAMS 0x000000009fc00000| PB 0x000000009fc00000| Untracked 
| 509|0x000000009fd00000, 0x000000009fd00000, 0x000000009fe00000|  0%| F|  |TAMS 0x000000009fd00000| PB 0x000000009fd00000| Untracked 
| 510|0x000000009fe00000, 0x000000009fe00000, 0x000000009ff00000|  0%| F|  |TAMS 0x000000009fe00000| PB 0x000000009fe00000| Untracked 
| 511|0x000000009ff00000, 0x000000009ff00000, 0x00000000a0000000|  0%| F|  |TAMS 0x000000009ff00000| PB 0x000000009ff00000| Untracked 
| 512|0x00000000a0000000, 0x00000000a0000000, 0x00000000a0100000|  0%| F|  |TAMS 0x00000000a0000000| PB 0x00000000a0000000| Untracked 
| 513|0x00000000a0100000, 0x00000000a0100000, 0x00000000a0200000|  0%| F|  |TAMS 0x00000000a0100000| PB 0x00000000a0100000| Untracked 
| 514|0x00000000a0200000, 0x00000000a0200000, 0x00000000a0300000|  0%| F|  |TAMS 0x00000000a0200000| PB 0x00000000a0200000| Untracked 
| 515|0x00000000a0300000, 0x00000000a0300000, 0x00000000a0400000|  0%| F|  |TAMS 0x00000000a0300000| PB 0x00000000a0300000| Untracked 
| 516|0x00000000a0400000, 0x00000000a0400000, 0x00000000a0500000|  0%| F|  |TAMS 0x00000000a0400000| PB 0x00000000a0400000| Untracked 
| 517|0x00000000a0500000, 0x00000000a0500000, 0x00000000a0600000|  0%| F|  |TAMS 0x00000000a0500000| PB 0x00000000a0500000| Untracked 
| 518|0x00000000a0600000, 0x00000000a0600000, 0x00000000a0700000|  0%| F|  |TAMS 0x00000000a0600000| PB 0x00000000a0600000| Untracked 
| 519|0x00000000a0700000, 0x00000000a0700000, 0x00000000a0800000|  0%| F|  |TAMS 0x00000000a0700000| PB 0x00000000a0700000| Untracked 
| 520|0x00000000a0800000, 0x00000000a0800000, 0x00000000a0900000|  0%| F|  |TAMS 0x00000000a0800000| PB 0x00000000a0800000| Untracked 
| 521|0x00000000a0900000, 0x00000000a0900000, 0x00000000a0a00000|  0%| F|  |TAMS 0x00000000a0900000| PB 0x00000000a0900000| Untracked 
| 522|0x00000000a0a00000, 0x00000000a0a00000, 0x00000000a0b00000|  0%| F|  |TAMS 0x00000000a0a00000| PB 0x00000000a0a00000| Untracked 
| 523|0x00000000a0b00000, 0x00000000a0b00000, 0x00000000a0c00000|  0%| F|  |TAMS 0x00000000a0b00000| PB 0x00000000a0b00000| Untracked 
| 524|0x00000000a0c00000, 0x00000000a0c00000, 0x00000000a0d00000|  0%| F|  |TAMS 0x00000000a0c00000| PB 0x00000000a0c00000| Untracked 
| 525|0x00000000a0d00000, 0x00000000a0d00000, 0x00000000a0e00000|  0%| F|  |TAMS 0x00000000a0d00000| PB 0x00000000a0d00000| Untracked 
| 526|0x00000000a0e00000, 0x00000000a0e00000, 0x00000000a0f00000|  0%| F|  |TAMS 0x00000000a0e00000| PB 0x00000000a0e00000| Untracked 
| 527|0x00000000a0f00000, 0x00000000a0f00000, 0x00000000a1000000|  0%| F|  |TAMS 0x00000000a0f00000| PB 0x00000000a0f00000| Untracked 
| 528|0x00000000a1000000, 0x00000000a1000000, 0x00000000a1100000|  0%| F|  |TAMS 0x00000000a1000000| PB 0x00000000a1000000| Untracked 
| 529|0x00000000a1100000, 0x00000000a1100000, 0x00000000a1200000|  0%| F|  |TAMS 0x00000000a1100000| PB 0x00000000a1100000| Untracked 
| 530|0x00000000a1200000, 0x00000000a1200000, 0x00000000a1300000|  0%| F|  |TAMS 0x00000000a1200000| PB 0x00000000a1200000| Untracked 
| 531|0x00000000a1300000, 0x00000000a1300000, 0x00000000a1400000|  0%| F|  |TAMS 0x00000000a1300000| PB 0x00000000a1300000| Untracked 
| 532|0x00000000a1400000, 0x00000000a1400000, 0x00000000a1500000|  0%| F|  |TAMS 0x00000000a1400000| PB 0x00000000a1400000| Untracked 
| 533|0x00000000a1500000, 0x00000000a1500000, 0x00000000a1600000|  0%| F|  |TAMS 0x00000000a1500000| PB 0x00000000a1500000| Untracked 
| 534|0x00000000a1600000, 0x00000000a1600000, 0x00000000a1700000|  0%| F|  |TAMS 0x00000000a1600000| PB 0x00000000a1600000| Untracked 
| 535|0x00000000a1700000, 0x00000000a1700000, 0x00000000a1800000|  0%| F|  |TAMS 0x00000000a1700000| PB 0x00000000a1700000| Untracked 
| 536|0x00000000a1800000, 0x00000000a1800000, 0x00000000a1900000|  0%| F|  |TAMS 0x00000000a1800000| PB 0x00000000a1800000| Untracked 
| 537|0x00000000a1900000, 0x00000000a1900000, 0x00000000a1a00000|  0%| F|  |TAMS 0x00000000a1900000| PB 0x00000000a1900000| Untracked 
| 538|0x00000000a1a00000, 0x00000000a1a00000, 0x00000000a1b00000|  0%| F|  |TAMS 0x00000000a1a00000| PB 0x00000000a1a00000| Untracked 
| 539|0x00000000a1b00000, 0x00000000a1b00000, 0x00000000a1c00000|  0%| F|  |TAMS 0x00000000a1b00000| PB 0x00000000a1b00000| Untracked 
| 540|0x00000000a1c00000, 0x00000000a1c00000, 0x00000000a1d00000|  0%| F|  |TAMS 0x00000000a1c00000| PB 0x00000000a1c00000| Untracked 
| 541|0x00000000a1d00000, 0x00000000a1d00000, 0x00000000a1e00000|  0%| F|  |TAMS 0x00000000a1d00000| PB 0x00000000a1d00000| Untracked 
| 542|0x00000000a1e00000, 0x00000000a1e00000, 0x00000000a1f00000|  0%| F|  |TAMS 0x00000000a1e00000| PB 0x00000000a1e00000| Untracked 
| 543|0x00000000a1f00000, 0x00000000a1f00000, 0x00000000a2000000|  0%| F|  |TAMS 0x00000000a1f00000| PB 0x00000000a1f00000| Untracked 
| 544|0x00000000a2000000, 0x00000000a2000000, 0x00000000a2100000|  0%| F|  |TAMS 0x00000000a2000000| PB 0x00000000a2000000| Untracked 
| 545|0x00000000a2100000, 0x00000000a2100000, 0x00000000a2200000|  0%| F|  |TAMS 0x00000000a2100000| PB 0x00000000a2100000| Untracked 
| 546|0x00000000a2200000, 0x00000000a2200000, 0x00000000a2300000|  0%| F|  |TAMS 0x00000000a2200000| PB 0x00000000a2200000| Untracked 
| 547|0x00000000a2300000, 0x00000000a2300000, 0x00000000a2400000|  0%| F|  |TAMS 0x00000000a2300000| PB 0x00000000a2300000| Untracked 
| 548|0x00000000a2400000, 0x00000000a2400000, 0x00000000a2500000|  0%| F|  |TAMS 0x00000000a2400000| PB 0x00000000a2400000| Untracked 
| 549|0x00000000a2500000, 0x00000000a2500000, 0x00000000a2600000|  0%| F|  |TAMS 0x00000000a2500000| PB 0x00000000a2500000| Untracked 
| 550|0x00000000a2600000, 0x00000000a2600000, 0x00000000a2700000|  0%| F|  |TAMS 0x00000000a2600000| PB 0x00000000a2600000| Untracked 
| 551|0x00000000a2700000, 0x00000000a2700000, 0x00000000a2800000|  0%| F|  |TAMS 0x00000000a2700000| PB 0x00000000a2700000| Untracked 
| 552|0x00000000a2800000, 0x00000000a2800000, 0x00000000a2900000|  0%| F|  |TAMS 0x00000000a2800000| PB 0x00000000a2800000| Untracked 
| 553|0x00000000a2900000, 0x00000000a2900000, 0x00000000a2a00000|  0%| F|  |TAMS 0x00000000a2900000| PB 0x00000000a2900000| Untracked 
| 554|0x00000000a2a00000, 0x00000000a2a00000, 0x00000000a2b00000|  0%| F|  |TAMS 0x00000000a2a00000| PB 0x00000000a2a00000| Untracked 
| 555|0x00000000a2b00000, 0x00000000a2b00000, 0x00000000a2c00000|  0%| F|  |TAMS 0x00000000a2b00000| PB 0x00000000a2b00000| Untracked 
| 556|0x00000000a2c00000, 0x00000000a2c00000, 0x00000000a2d00000|  0%| F|  |TAMS 0x00000000a2c00000| PB 0x00000000a2c00000| Untracked 
| 557|0x00000000a2d00000, 0x00000000a2d00000, 0x00000000a2e00000|  0%| F|  |TAMS 0x00000000a2d00000| PB 0x00000000a2d00000| Untracked 
| 558|0x00000000a2e00000, 0x00000000a2e00000, 0x00000000a2f00000|  0%| F|  |TAMS 0x00000000a2e00000| PB 0x00000000a2e00000| Untracked 
| 559|0x00000000a2f00000, 0x00000000a2f00000, 0x00000000a3000000|  0%| F|  |TAMS 0x00000000a2f00000| PB 0x00000000a2f00000| Untracked 
| 560|0x00000000a3000000, 0x00000000a3000000, 0x00000000a3100000|  0%| F|  |TAMS 0x00000000a3000000| PB 0x00000000a3000000| Untracked 
| 561|0x00000000a3100000, 0x00000000a3100000, 0x00000000a3200000|  0%| F|  |TAMS 0x00000000a3100000| PB 0x00000000a3100000| Untracked 
| 562|0x00000000a3200000, 0x00000000a3200000, 0x00000000a3300000|  0%| F|  |TAMS 0x00000000a3200000| PB 0x00000000a3200000| Untracked 
| 563|0x00000000a3300000, 0x00000000a3300000, 0x00000000a3400000|  0%| F|  |TAMS 0x00000000a3300000| PB 0x00000000a3300000| Untracked 
| 564|0x00000000a3400000, 0x00000000a3400000, 0x00000000a3500000|  0%| F|  |TAMS 0x00000000a3400000| PB 0x00000000a3400000| Untracked 
| 565|0x00000000a3500000, 0x00000000a3500000, 0x00000000a3600000|  0%| F|  |TAMS 0x00000000a3500000| PB 0x00000000a3500000| Untracked 
| 566|0x00000000a3600000, 0x00000000a3600000, 0x00000000a3700000|  0%| F|  |TAMS 0x00000000a3600000| PB 0x00000000a3600000| Untracked 
| 567|0x00000000a3700000, 0x00000000a3700000, 0x00000000a3800000|  0%| F|  |TAMS 0x00000000a3700000| PB 0x00000000a3700000| Untracked 
| 568|0x00000000a3800000, 0x00000000a3800000, 0x00000000a3900000|  0%| F|  |TAMS 0x00000000a3800000| PB 0x00000000a3800000| Untracked 
| 569|0x00000000a3900000, 0x00000000a3900000, 0x00000000a3a00000|  0%| F|  |TAMS 0x00000000a3900000| PB 0x00000000a3900000| Untracked 
| 570|0x00000000a3a00000, 0x00000000a3a00000, 0x00000000a3b00000|  0%| F|  |TAMS 0x00000000a3a00000| PB 0x00000000a3a00000| Untracked 
| 571|0x00000000a3b00000, 0x00000000a3b00000, 0x00000000a3c00000|  0%| F|  |TAMS 0x00000000a3b00000| PB 0x00000000a3b00000| Untracked 
| 572|0x00000000a3c00000, 0x00000000a3c00000, 0x00000000a3d00000|  0%| F|  |TAMS 0x00000000a3c00000| PB 0x00000000a3c00000| Untracked 
| 573|0x00000000a3d00000, 0x00000000a3d00000, 0x00000000a3e00000|  0%| F|  |TAMS 0x00000000a3d00000| PB 0x00000000a3d00000| Untracked 
| 574|0x00000000a3e00000, 0x00000000a3e00000, 0x00000000a3f00000|  0%| F|  |TAMS 0x00000000a3e00000| PB 0x00000000a3e00000| Untracked 
| 575|0x00000000a3f00000, 0x00000000a3f00000, 0x00000000a4000000|  0%| F|  |TAMS 0x00000000a3f00000| PB 0x00000000a3f00000| Untracked 
| 576|0x00000000a4000000, 0x00000000a4000000, 0x00000000a4100000|  0%| F|  |TAMS 0x00000000a4000000| PB 0x00000000a4000000| Untracked 
| 577|0x00000000a4100000, 0x00000000a4100000, 0x00000000a4200000|  0%| F|  |TAMS 0x00000000a4100000| PB 0x00000000a4100000| Untracked 
| 578|0x00000000a4200000, 0x00000000a4200000, 0x00000000a4300000|  0%| F|  |TAMS 0x00000000a4200000| PB 0x00000000a4200000| Untracked 
| 579|0x00000000a4300000, 0x00000000a4300000, 0x00000000a4400000|  0%| F|  |TAMS 0x00000000a4300000| PB 0x00000000a4300000| Untracked 
| 580|0x00000000a4400000, 0x00000000a4400000, 0x00000000a4500000|  0%| F|  |TAMS 0x00000000a4400000| PB 0x00000000a4400000| Untracked 
| 581|0x00000000a4500000, 0x00000000a4500000, 0x00000000a4600000|  0%| F|  |TAMS 0x00000000a4500000| PB 0x00000000a4500000| Untracked 
| 582|0x00000000a4600000, 0x00000000a4600000, 0x00000000a4700000|  0%| F|  |TAMS 0x00000000a4600000| PB 0x00000000a4600000| Untracked 
| 583|0x00000000a4700000, 0x00000000a4700000, 0x00000000a4800000|  0%| F|  |TAMS 0x00000000a4700000| PB 0x00000000a4700000| Untracked 
| 584|0x00000000a4800000, 0x00000000a4800000, 0x00000000a4900000|  0%| F|  |TAMS 0x00000000a4800000| PB 0x00000000a4800000| Untracked 
| 585|0x00000000a4900000, 0x00000000a4900000, 0x00000000a4a00000|  0%| F|  |TAMS 0x00000000a4900000| PB 0x00000000a4900000| Untracked 
| 586|0x00000000a4a00000, 0x00000000a4a00000, 0x00000000a4b00000|  0%| F|  |TAMS 0x00000000a4a00000| PB 0x00000000a4a00000| Untracked 
| 587|0x00000000a4b00000, 0x00000000a4b00000, 0x00000000a4c00000|  0%| F|  |TAMS 0x00000000a4b00000| PB 0x00000000a4b00000| Untracked 
| 588|0x00000000a4c00000, 0x00000000a4c00000, 0x00000000a4d00000|  0%| F|  |TAMS 0x00000000a4c00000| PB 0x00000000a4c00000| Untracked 
| 589|0x00000000a4d00000, 0x00000000a4d00000, 0x00000000a4e00000|  0%| F|  |TAMS 0x00000000a4d00000| PB 0x00000000a4d00000| Untracked 
| 590|0x00000000a4e00000, 0x00000000a4e00000, 0x00000000a4f00000|  0%| F|  |TAMS 0x00000000a4e00000| PB 0x00000000a4e00000| Untracked 
| 591|0x00000000a4f00000, 0x00000000a4f00000, 0x00000000a5000000|  0%| F|  |TAMS 0x00000000a4f00000| PB 0x00000000a4f00000| Untracked 
| 592|0x00000000a5000000, 0x00000000a5000000, 0x00000000a5100000|  0%| F|  |TAMS 0x00000000a5000000| PB 0x00000000a5000000| Untracked 
| 593|0x00000000a5100000, 0x00000000a5100000, 0x00000000a5200000|  0%| F|  |TAMS 0x00000000a5100000| PB 0x00000000a5100000| Untracked 
| 594|0x00000000a5200000, 0x00000000a5200000, 0x00000000a5300000|  0%| F|  |TAMS 0x00000000a5200000| PB 0x00000000a5200000| Untracked 
| 595|0x00000000a5300000, 0x00000000a5300000, 0x00000000a5400000|  0%| F|  |TAMS 0x00000000a5300000| PB 0x00000000a5300000| Untracked 
| 596|0x00000000a5400000, 0x00000000a5400000, 0x00000000a5500000|  0%| F|  |TAMS 0x00000000a5400000| PB 0x00000000a5400000| Untracked 
| 597|0x00000000a5500000, 0x00000000a5500000, 0x00000000a5600000|  0%| F|  |TAMS 0x00000000a5500000| PB 0x00000000a5500000| Untracked 
| 598|0x00000000a5600000, 0x00000000a5600000, 0x00000000a5700000|  0%| F|  |TAMS 0x00000000a5600000| PB 0x00000000a5600000| Untracked 
| 599|0x00000000a5700000, 0x00000000a5700000, 0x00000000a5800000|  0%| F|  |TAMS 0x00000000a5700000| PB 0x00000000a5700000| Untracked 
| 600|0x00000000a5800000, 0x00000000a5800000, 0x00000000a5900000|  0%| F|  |TAMS 0x00000000a5800000| PB 0x00000000a5800000| Untracked 
| 601|0x00000000a5900000, 0x00000000a5900000, 0x00000000a5a00000|  0%| F|  |TAMS 0x00000000a5900000| PB 0x00000000a5900000| Untracked 
| 602|0x00000000a5a00000, 0x00000000a5a00000, 0x00000000a5b00000|  0%| F|  |TAMS 0x00000000a5a00000| PB 0x00000000a5a00000| Untracked 
| 603|0x00000000a5b00000, 0x00000000a5b00000, 0x00000000a5c00000|  0%| F|  |TAMS 0x00000000a5b00000| PB 0x00000000a5b00000| Untracked 
| 604|0x00000000a5c00000, 0x00000000a5c00000, 0x00000000a5d00000|  0%| F|  |TAMS 0x00000000a5c00000| PB 0x00000000a5c00000| Untracked 
| 605|0x00000000a5d00000, 0x00000000a5d00000, 0x00000000a5e00000|  0%| F|  |TAMS 0x00000000a5d00000| PB 0x00000000a5d00000| Untracked 
| 606|0x00000000a5e00000, 0x00000000a5e00000, 0x00000000a5f00000|  0%| F|  |TAMS 0x00000000a5e00000| PB 0x00000000a5e00000| Untracked 
| 607|0x00000000a5f00000, 0x00000000a5f00000, 0x00000000a6000000|  0%| F|  |TAMS 0x00000000a5f00000| PB 0x00000000a5f00000| Untracked 
| 608|0x00000000a6000000, 0x00000000a6000000, 0x00000000a6100000|  0%| F|  |TAMS 0x00000000a6000000| PB 0x00000000a6000000| Untracked 
| 609|0x00000000a6100000, 0x00000000a6100000, 0x00000000a6200000|  0%| F|  |TAMS 0x00000000a6100000| PB 0x00000000a6100000| Untracked 
| 610|0x00000000a6200000, 0x00000000a6200000, 0x00000000a6300000|  0%| F|  |TAMS 0x00000000a6200000| PB 0x00000000a6200000| Untracked 
| 611|0x00000000a6300000, 0x00000000a6300000, 0x00000000a6400000|  0%| F|  |TAMS 0x00000000a6300000| PB 0x00000000a6300000| Untracked 
| 612|0x00000000a6400000, 0x00000000a6400000, 0x00000000a6500000|  0%| F|  |TAMS 0x00000000a6400000| PB 0x00000000a6400000| Untracked 
| 613|0x00000000a6500000, 0x00000000a6500000, 0x00000000a6600000|  0%| F|  |TAMS 0x00000000a6500000| PB 0x00000000a6500000| Untracked 
| 614|0x00000000a6600000, 0x00000000a6600000, 0x00000000a6700000|  0%| F|  |TAMS 0x00000000a6600000| PB 0x00000000a6600000| Untracked 
| 615|0x00000000a6700000, 0x00000000a6700000, 0x00000000a6800000|  0%| F|  |TAMS 0x00000000a6700000| PB 0x00000000a6700000| Untracked 
| 616|0x00000000a6800000, 0x00000000a6800000, 0x00000000a6900000|  0%| F|  |TAMS 0x00000000a6800000| PB 0x00000000a6800000| Untracked 
| 617|0x00000000a6900000, 0x00000000a6900000, 0x00000000a6a00000|  0%| F|  |TAMS 0x00000000a6900000| PB 0x00000000a6900000| Untracked 
| 618|0x00000000a6a00000, 0x00000000a6a00000, 0x00000000a6b00000|  0%| F|  |TAMS 0x00000000a6a00000| PB 0x00000000a6a00000| Untracked 
| 619|0x00000000a6b00000, 0x00000000a6b00000, 0x00000000a6c00000|  0%| F|  |TAMS 0x00000000a6b00000| PB 0x00000000a6b00000| Untracked 
| 620|0x00000000a6c00000, 0x00000000a6c00000, 0x00000000a6d00000|  0%| F|  |TAMS 0x00000000a6c00000| PB 0x00000000a6c00000| Untracked 
| 621|0x00000000a6d00000, 0x00000000a6d00000, 0x00000000a6e00000|  0%| F|  |TAMS 0x00000000a6d00000| PB 0x00000000a6d00000| Untracked 
| 622|0x00000000a6e00000, 0x00000000a6e00000, 0x00000000a6f00000|  0%| F|  |TAMS 0x00000000a6e00000| PB 0x00000000a6e00000| Untracked 
| 623|0x00000000a6f00000, 0x00000000a6f00000, 0x00000000a7000000|  0%| F|  |TAMS 0x00000000a6f00000| PB 0x00000000a6f00000| Untracked 
| 624|0x00000000a7000000, 0x00000000a7000000, 0x00000000a7100000|  0%| F|  |TAMS 0x00000000a7000000| PB 0x00000000a7000000| Untracked 
| 625|0x00000000a7100000, 0x00000000a7100000, 0x00000000a7200000|  0%| F|  |TAMS 0x00000000a7100000| PB 0x00000000a7100000| Untracked 
| 626|0x00000000a7200000, 0x00000000a7200000, 0x00000000a7300000|  0%| F|  |TAMS 0x00000000a7200000| PB 0x00000000a7200000| Untracked 
| 627|0x00000000a7300000, 0x00000000a7300000, 0x00000000a7400000|  0%| F|  |TAMS 0x00000000a7300000| PB 0x00000000a7300000| Untracked 
| 628|0x00000000a7400000, 0x00000000a7400000, 0x00000000a7500000|  0%| F|  |TAMS 0x00000000a7400000| PB 0x00000000a7400000| Untracked 
| 629|0x00000000a7500000, 0x00000000a7500000, 0x00000000a7600000|  0%| F|  |TAMS 0x00000000a7500000| PB 0x00000000a7500000| Untracked 
| 630|0x00000000a7600000, 0x00000000a7600000, 0x00000000a7700000|  0%| F|  |TAMS 0x00000000a7600000| PB 0x00000000a7600000| Untracked 
| 631|0x00000000a7700000, 0x00000000a7700000, 0x00000000a7800000|  0%| F|  |TAMS 0x00000000a7700000| PB 0x00000000a7700000| Untracked 
| 632|0x00000000a7800000, 0x00000000a7800000, 0x00000000a7900000|  0%| F|  |TAMS 0x00000000a7800000| PB 0x00000000a7800000| Untracked 
| 633|0x00000000a7900000, 0x00000000a7900000, 0x00000000a7a00000|  0%| F|  |TAMS 0x00000000a7900000| PB 0x00000000a7900000| Untracked 
| 634|0x00000000a7a00000, 0x00000000a7a00000, 0x00000000a7b00000|  0%| F|  |TAMS 0x00000000a7a00000| PB 0x00000000a7a00000| Untracked 
| 635|0x00000000a7b00000, 0x00000000a7b00000, 0x00000000a7c00000|  0%| F|  |TAMS 0x00000000a7b00000| PB 0x00000000a7b00000| Untracked 
| 636|0x00000000a7c00000, 0x00000000a7c00000, 0x00000000a7d00000|  0%| F|  |TAMS 0x00000000a7c00000| PB 0x00000000a7c00000| Untracked 
| 637|0x00000000a7d00000, 0x00000000a7d00000, 0x00000000a7e00000|  0%| F|  |TAMS 0x00000000a7d00000| PB 0x00000000a7d00000| Untracked 
| 638|0x00000000a7e00000, 0x00000000a7e00000, 0x00000000a7f00000|  0%| F|  |TAMS 0x00000000a7e00000| PB 0x00000000a7e00000| Untracked 
| 639|0x00000000a7f00000, 0x00000000a7f00000, 0x00000000a8000000|  0%| F|  |TAMS 0x00000000a7f00000| PB 0x00000000a7f00000| Untracked 
| 640|0x00000000a8000000, 0x00000000a8000000, 0x00000000a8100000|  0%| F|  |TAMS 0x00000000a8000000| PB 0x00000000a8000000| Untracked 
| 641|0x00000000a8100000, 0x00000000a8100000, 0x00000000a8200000|  0%| F|  |TAMS 0x00000000a8100000| PB 0x00000000a8100000| Untracked 
| 642|0x00000000a8200000, 0x00000000a8200000, 0x00000000a8300000|  0%| F|  |TAMS 0x00000000a8200000| PB 0x00000000a8200000| Untracked 
| 643|0x00000000a8300000, 0x00000000a8300000, 0x00000000a8400000|  0%| F|  |TAMS 0x00000000a8300000| PB 0x00000000a8300000| Untracked 
| 644|0x00000000a8400000, 0x00000000a8400000, 0x00000000a8500000|  0%| F|  |TAMS 0x00000000a8400000| PB 0x00000000a8400000| Untracked 
| 645|0x00000000a8500000, 0x00000000a8500000, 0x00000000a8600000|  0%| F|  |TAMS 0x00000000a8500000| PB 0x00000000a8500000| Untracked 
| 646|0x00000000a8600000, 0x00000000a8600000, 0x00000000a8700000|  0%| F|  |TAMS 0x00000000a8600000| PB 0x00000000a8600000| Untracked 
| 647|0x00000000a8700000, 0x00000000a8700000, 0x00000000a8800000|  0%| F|  |TAMS 0x00000000a8700000| PB 0x00000000a8700000| Untracked 
| 648|0x00000000a8800000, 0x00000000a8800000, 0x00000000a8900000|  0%| F|  |TAMS 0x00000000a8800000| PB 0x00000000a8800000| Untracked 
| 649|0x00000000a8900000, 0x00000000a8900000, 0x00000000a8a00000|  0%| F|  |TAMS 0x00000000a8900000| PB 0x00000000a8900000| Untracked 
| 650|0x00000000a8a00000, 0x00000000a8a00000, 0x00000000a8b00000|  0%| F|  |TAMS 0x00000000a8a00000| PB 0x00000000a8a00000| Untracked 
| 651|0x00000000a8b00000, 0x00000000a8b00000, 0x00000000a8c00000|  0%| F|  |TAMS 0x00000000a8b00000| PB 0x00000000a8b00000| Untracked 
| 652|0x00000000a8c00000, 0x00000000a8c00000, 0x00000000a8d00000|  0%| F|  |TAMS 0x00000000a8c00000| PB 0x00000000a8c00000| Untracked 
| 653|0x00000000a8d00000, 0x00000000a8d00000, 0x00000000a8e00000|  0%| F|  |TAMS 0x00000000a8d00000| PB 0x00000000a8d00000| Untracked 
| 654|0x00000000a8e00000, 0x00000000a8e00000, 0x00000000a8f00000|  0%| F|  |TAMS 0x00000000a8e00000| PB 0x00000000a8e00000| Untracked 
| 655|0x00000000a8f00000, 0x00000000a8f00000, 0x00000000a9000000|  0%| F|  |TAMS 0x00000000a8f00000| PB 0x00000000a8f00000| Untracked 
| 656|0x00000000a9000000, 0x00000000a9000000, 0x00000000a9100000|  0%| F|  |TAMS 0x00000000a9000000| PB 0x00000000a9000000| Untracked 
| 657|0x00000000a9100000, 0x00000000a9100000, 0x00000000a9200000|  0%| F|  |TAMS 0x00000000a9100000| PB 0x00000000a9100000| Untracked 
| 658|0x00000000a9200000, 0x00000000a9200000, 0x00000000a9300000|  0%| F|  |TAMS 0x00000000a9200000| PB 0x00000000a9200000| Untracked 
| 659|0x00000000a9300000, 0x00000000a9300000, 0x00000000a9400000|  0%| F|  |TAMS 0x00000000a9300000| PB 0x00000000a9300000| Untracked 
| 660|0x00000000a9400000, 0x00000000a9400000, 0x00000000a9500000|  0%| F|  |TAMS 0x00000000a9400000| PB 0x00000000a9400000| Untracked 
| 661|0x00000000a9500000, 0x00000000a9500000, 0x00000000a9600000|  0%| F|  |TAMS 0x00000000a9500000| PB 0x00000000a9500000| Untracked 
| 662|0x00000000a9600000, 0x00000000a9600000, 0x00000000a9700000|  0%| F|  |TAMS 0x00000000a9600000| PB 0x00000000a9600000| Untracked 
| 663|0x00000000a9700000, 0x00000000a9700000, 0x00000000a9800000|  0%| F|  |TAMS 0x00000000a9700000| PB 0x00000000a9700000| Untracked 
| 664|0x00000000a9800000, 0x00000000a9800000, 0x00000000a9900000|  0%| F|  |TAMS 0x00000000a9800000| PB 0x00000000a9800000| Untracked 
| 665|0x00000000a9900000, 0x00000000a9900000, 0x00000000a9a00000|  0%| F|  |TAMS 0x00000000a9900000| PB 0x00000000a9900000| Untracked 
| 666|0x00000000a9a00000, 0x00000000a9a00000, 0x00000000a9b00000|  0%| F|  |TAMS 0x00000000a9a00000| PB 0x00000000a9a00000| Untracked 
| 667|0x00000000a9b00000, 0x00000000a9b00000, 0x00000000a9c00000|  0%| F|  |TAMS 0x00000000a9b00000| PB 0x00000000a9b00000| Untracked 
| 668|0x00000000a9c00000, 0x00000000a9c00000, 0x00000000a9d00000|  0%| F|  |TAMS 0x00000000a9c00000| PB 0x00000000a9c00000| Untracked 
| 669|0x00000000a9d00000, 0x00000000a9d00000, 0x00000000a9e00000|  0%| F|  |TAMS 0x00000000a9d00000| PB 0x00000000a9d00000| Untracked 
| 670|0x00000000a9e00000, 0x00000000a9e00000, 0x00000000a9f00000|  0%| F|  |TAMS 0x00000000a9e00000| PB 0x00000000a9e00000| Untracked 
| 671|0x00000000a9f00000, 0x00000000a9f00000, 0x00000000aa000000|  0%| F|  |TAMS 0x00000000a9f00000| PB 0x00000000a9f00000| Untracked 
| 672|0x00000000aa000000, 0x00000000aa000000, 0x00000000aa100000|  0%| F|  |TAMS 0x00000000aa000000| PB 0x00000000aa000000| Untracked 
| 673|0x00000000aa100000, 0x00000000aa100000, 0x00000000aa200000|  0%| F|  |TAMS 0x00000000aa100000| PB 0x00000000aa100000| Untracked 
| 674|0x00000000aa200000, 0x00000000aa200000, 0x00000000aa300000|  0%| F|  |TAMS 0x00000000aa200000| PB 0x00000000aa200000| Untracked 
| 675|0x00000000aa300000, 0x00000000aa300000, 0x00000000aa400000|  0%| F|  |TAMS 0x00000000aa300000| PB 0x00000000aa300000| Untracked 
| 676|0x00000000aa400000, 0x00000000aa400000, 0x00000000aa500000|  0%| F|  |TAMS 0x00000000aa400000| PB 0x00000000aa400000| Untracked 
| 677|0x00000000aa500000, 0x00000000aa500000, 0x00000000aa600000|  0%| F|  |TAMS 0x00000000aa500000| PB 0x00000000aa500000| Untracked 
| 678|0x00000000aa600000, 0x00000000aa600000, 0x00000000aa700000|  0%| F|  |TAMS 0x00000000aa600000| PB 0x00000000aa600000| Untracked 
| 679|0x00000000aa700000, 0x00000000aa700000, 0x00000000aa800000|  0%| F|  |TAMS 0x00000000aa700000| PB 0x00000000aa700000| Untracked 
| 680|0x00000000aa800000, 0x00000000aa800000, 0x00000000aa900000|  0%| F|  |TAMS 0x00000000aa800000| PB 0x00000000aa800000| Untracked 
| 681|0x00000000aa900000, 0x00000000aa900000, 0x00000000aaa00000|  0%| F|  |TAMS 0x00000000aa900000| PB 0x00000000aa900000| Untracked 
| 682|0x00000000aaa00000, 0x00000000aaa00000, 0x00000000aab00000|  0%| F|  |TAMS 0x00000000aaa00000| PB 0x00000000aaa00000| Untracked 
| 683|0x00000000aab00000, 0x00000000aab00000, 0x00000000aac00000|  0%| F|  |TAMS 0x00000000aab00000| PB 0x00000000aab00000| Untracked 
| 684|0x00000000aac00000, 0x00000000aac00000, 0x00000000aad00000|  0%| F|  |TAMS 0x00000000aac00000| PB 0x00000000aac00000| Untracked 
| 685|0x00000000aad00000, 0x00000000aad00000, 0x00000000aae00000|  0%| F|  |TAMS 0x00000000aad00000| PB 0x00000000aad00000| Untracked 
| 686|0x00000000aae00000, 0x00000000aae00000, 0x00000000aaf00000|  0%| F|  |TAMS 0x00000000aae00000| PB 0x00000000aae00000| Untracked 
| 687|0x00000000aaf00000, 0x00000000aaf00000, 0x00000000ab000000|  0%| F|  |TAMS 0x00000000aaf00000| PB 0x00000000aaf00000| Untracked 
| 688|0x00000000ab000000, 0x00000000ab000000, 0x00000000ab100000|  0%| F|  |TAMS 0x00000000ab000000| PB 0x00000000ab000000| Untracked 
| 689|0x00000000ab100000, 0x00000000ab100000, 0x00000000ab200000|  0%| F|  |TAMS 0x00000000ab100000| PB 0x00000000ab100000| Untracked 
| 690|0x00000000ab200000, 0x00000000ab200000, 0x00000000ab300000|  0%| F|  |TAMS 0x00000000ab200000| PB 0x00000000ab200000| Untracked 
| 691|0x00000000ab300000, 0x00000000ab300000, 0x00000000ab400000|  0%| F|  |TAMS 0x00000000ab300000| PB 0x00000000ab300000| Untracked 
| 692|0x00000000ab400000, 0x00000000ab400000, 0x00000000ab500000|  0%| F|  |TAMS 0x00000000ab400000| PB 0x00000000ab400000| Untracked 
| 693|0x00000000ab500000, 0x00000000ab500000, 0x00000000ab600000|  0%| F|  |TAMS 0x00000000ab500000| PB 0x00000000ab500000| Untracked 
| 694|0x00000000ab600000, 0x00000000ab600000, 0x00000000ab700000|  0%| F|  |TAMS 0x00000000ab600000| PB 0x00000000ab600000| Untracked 
| 695|0x00000000ab700000, 0x00000000ab700000, 0x00000000ab800000|  0%| F|  |TAMS 0x00000000ab700000| PB 0x00000000ab700000| Untracked 
| 696|0x00000000ab800000, 0x00000000ab800000, 0x00000000ab900000|  0%| F|  |TAMS 0x00000000ab800000| PB 0x00000000ab800000| Untracked 
| 697|0x00000000ab900000, 0x00000000ab900000, 0x00000000aba00000|  0%| F|  |TAMS 0x00000000ab900000| PB 0x00000000ab900000| Untracked 
| 698|0x00000000aba00000, 0x00000000aba00000, 0x00000000abb00000|  0%| F|  |TAMS 0x00000000aba00000| PB 0x00000000aba00000| Untracked 
| 699|0x00000000abb00000, 0x00000000abb00000, 0x00000000abc00000|  0%| F|  |TAMS 0x00000000abb00000| PB 0x00000000abb00000| Untracked 
| 700|0x00000000abc00000, 0x00000000abc00000, 0x00000000abd00000|  0%| F|  |TAMS 0x00000000abc00000| PB 0x00000000abc00000| Untracked 
| 701|0x00000000abd00000, 0x00000000abd00000, 0x00000000abe00000|  0%| F|  |TAMS 0x00000000abd00000| PB 0x00000000abd00000| Untracked 
| 702|0x00000000abe00000, 0x00000000abe00000, 0x00000000abf00000|  0%| F|  |TAMS 0x00000000abe00000| PB 0x00000000abe00000| Untracked 
| 703|0x00000000abf00000, 0x00000000abf00000, 0x00000000ac000000|  0%| F|  |TAMS 0x00000000abf00000| PB 0x00000000abf00000| Untracked 
| 704|0x00000000ac000000, 0x00000000ac000000, 0x00000000ac100000|  0%| F|  |TAMS 0x00000000ac000000| PB 0x00000000ac000000| Untracked 
| 705|0x00000000ac100000, 0x00000000ac100000, 0x00000000ac200000|  0%| F|  |TAMS 0x00000000ac100000| PB 0x00000000ac100000| Untracked 
| 706|0x00000000ac200000, 0x00000000ac200000, 0x00000000ac300000|  0%| F|  |TAMS 0x00000000ac200000| PB 0x00000000ac200000| Untracked 
| 707|0x00000000ac300000, 0x00000000ac300000, 0x00000000ac400000|  0%| F|  |TAMS 0x00000000ac300000| PB 0x00000000ac300000| Untracked 
| 708|0x00000000ac400000, 0x00000000ac400000, 0x00000000ac500000|  0%| F|  |TAMS 0x00000000ac400000| PB 0x00000000ac400000| Untracked 
| 709|0x00000000ac500000, 0x00000000ac500000, 0x00000000ac600000|  0%| F|  |TAMS 0x00000000ac500000| PB 0x00000000ac500000| Untracked 
| 710|0x00000000ac600000, 0x00000000ac600000, 0x00000000ac700000|  0%| F|  |TAMS 0x00000000ac600000| PB 0x00000000ac600000| Untracked 
| 711|0x00000000ac700000, 0x00000000ac700000, 0x00000000ac800000|  0%| F|  |TAMS 0x00000000ac700000| PB 0x00000000ac700000| Untracked 
| 712|0x00000000ac800000, 0x00000000ac800000, 0x00000000ac900000|  0%| F|  |TAMS 0x00000000ac800000| PB 0x00000000ac800000| Untracked 
| 713|0x00000000ac900000, 0x00000000ac900000, 0x00000000aca00000|  0%| F|  |TAMS 0x00000000ac900000| PB 0x00000000ac900000| Untracked 
| 714|0x00000000aca00000, 0x00000000aca00000, 0x00000000acb00000|  0%| F|  |TAMS 0x00000000aca00000| PB 0x00000000aca00000| Untracked 
| 715|0x00000000acb00000, 0x00000000acb00000, 0x00000000acc00000|  0%| F|  |TAMS 0x00000000acb00000| PB 0x00000000acb00000| Untracked 
| 716|0x00000000acc00000, 0x00000000acc00000, 0x00000000acd00000|  0%| F|  |TAMS 0x00000000acc00000| PB 0x00000000acc00000| Untracked 
| 717|0x00000000acd00000, 0x00000000acd00000, 0x00000000ace00000|  0%| F|  |TAMS 0x00000000acd00000| PB 0x00000000acd00000| Untracked 
| 718|0x00000000ace00000, 0x00000000ace00000, 0x00000000acf00000|  0%| F|  |TAMS 0x00000000ace00000| PB 0x00000000ace00000| Untracked 
| 719|0x00000000acf00000, 0x00000000acf00000, 0x00000000ad000000|  0%| F|  |TAMS 0x00000000acf00000| PB 0x00000000acf00000| Untracked 
| 720|0x00000000ad000000, 0x00000000ad000000, 0x00000000ad100000|  0%| F|  |TAMS 0x00000000ad000000| PB 0x00000000ad000000| Untracked 
| 721|0x00000000ad100000, 0x00000000ad100000, 0x00000000ad200000|  0%| F|  |TAMS 0x00000000ad100000| PB 0x00000000ad100000| Untracked 
| 722|0x00000000ad200000, 0x00000000ad200000, 0x00000000ad300000|  0%| F|  |TAMS 0x00000000ad200000| PB 0x00000000ad200000| Untracked 
| 723|0x00000000ad300000, 0x00000000ad300000, 0x00000000ad400000|  0%| F|  |TAMS 0x00000000ad300000| PB 0x00000000ad300000| Untracked 
| 724|0x00000000ad400000, 0x00000000ad400000, 0x00000000ad500000|  0%| F|  |TAMS 0x00000000ad400000| PB 0x00000000ad400000| Untracked 
| 725|0x00000000ad500000, 0x00000000ad500000, 0x00000000ad600000|  0%| F|  |TAMS 0x00000000ad500000| PB 0x00000000ad500000| Untracked 
| 726|0x00000000ad600000, 0x00000000ad600000, 0x00000000ad700000|  0%| F|  |TAMS 0x00000000ad600000| PB 0x00000000ad600000| Untracked 
| 727|0x00000000ad700000, 0x00000000ad700000, 0x00000000ad800000|  0%| F|  |TAMS 0x00000000ad700000| PB 0x00000000ad700000| Untracked 
| 728|0x00000000ad800000, 0x00000000ad800000, 0x00000000ad900000|  0%| F|  |TAMS 0x00000000ad800000| PB 0x00000000ad800000| Untracked 
| 729|0x00000000ad900000, 0x00000000ad900000, 0x00000000ada00000|  0%| F|  |TAMS 0x00000000ad900000| PB 0x00000000ad900000| Untracked 
| 730|0x00000000ada00000, 0x00000000ada00000, 0x00000000adb00000|  0%| F|  |TAMS 0x00000000ada00000| PB 0x00000000ada00000| Untracked 
| 731|0x00000000adb00000, 0x00000000adb00000, 0x00000000adc00000|  0%| F|  |TAMS 0x00000000adb00000| PB 0x00000000adb00000| Untracked 
| 732|0x00000000adc00000, 0x00000000adc00000, 0x00000000add00000|  0%| F|  |TAMS 0x00000000adc00000| PB 0x00000000adc00000| Untracked 
| 733|0x00000000add00000, 0x00000000add00000, 0x00000000ade00000|  0%| F|  |TAMS 0x00000000add00000| PB 0x00000000add00000| Untracked 
| 734|0x00000000ade00000, 0x00000000ade00000, 0x00000000adf00000|  0%| F|  |TAMS 0x00000000ade00000| PB 0x00000000ade00000| Untracked 
| 735|0x00000000adf00000, 0x00000000adf00000, 0x00000000ae000000|  0%| F|  |TAMS 0x00000000adf00000| PB 0x00000000adf00000| Untracked 
| 736|0x00000000ae000000, 0x00000000ae000000, 0x00000000ae100000|  0%| F|  |TAMS 0x00000000ae000000| PB 0x00000000ae000000| Untracked 
| 737|0x00000000ae100000, 0x00000000ae100000, 0x00000000ae200000|  0%| F|  |TAMS 0x00000000ae100000| PB 0x00000000ae100000| Untracked 
| 738|0x00000000ae200000, 0x00000000ae200000, 0x00000000ae300000|  0%| F|  |TAMS 0x00000000ae200000| PB 0x00000000ae200000| Untracked 
| 739|0x00000000ae300000, 0x00000000ae300000, 0x00000000ae400000|  0%| F|  |TAMS 0x00000000ae300000| PB 0x00000000ae300000| Untracked 
| 740|0x00000000ae400000, 0x00000000ae400000, 0x00000000ae500000|  0%| F|  |TAMS 0x00000000ae400000| PB 0x00000000ae400000| Untracked 
| 741|0x00000000ae500000, 0x00000000ae55a628, 0x00000000ae600000| 35%| S|  |TAMS 0x00000000ae500000| PB 0x00000000ae500000| Complete 
| 742|0x00000000ae600000, 0x00000000ae700000, 0x00000000ae700000|100%| S|  |TAMS 0x00000000ae600000| PB 0x00000000ae600000| Complete 
| 743|0x00000000ae700000, 0x00000000ae800000, 0x00000000ae800000|100%| S|  |TAMS 0x00000000ae700000| PB 0x00000000ae700000| Complete 
| 744|0x00000000ae800000, 0x00000000ae900000, 0x00000000ae900000|100%| S|  |TAMS 0x00000000ae800000| PB 0x00000000ae800000| Complete 
| 745|0x00000000ae900000, 0x00000000aea00000, 0x00000000aea00000|100%| E|CS|TAMS 0x00000000ae900000| PB 0x00000000ae900000| Complete 
| 746|0x00000000aea00000, 0x00000000aeb00000, 0x00000000aeb00000|100%| E|CS|TAMS 0x00000000aea00000| PB 0x00000000aea00000| Complete 
| 747|0x00000000aeb00000, 0x00000000aec00000, 0x00000000aec00000|100%| E|CS|TAMS 0x00000000aeb00000| PB 0x00000000aeb00000| Complete 
| 748|0x00000000aec00000, 0x00000000aed00000, 0x00000000aed00000|100%| E|CS|TAMS 0x00000000aec00000| PB 0x00000000aec00000| Complete 
| 749|0x00000000aed00000, 0x00000000aee00000, 0x00000000aee00000|100%| E|CS|TAMS 0x00000000aed00000| PB 0x00000000aed00000| Complete 
| 750|0x00000000aee00000, 0x00000000aef00000, 0x00000000aef00000|100%| E|CS|TAMS 0x00000000aee00000| PB 0x00000000aee00000| Complete 
| 751|0x00000000aef00000, 0x00000000af000000, 0x00000000af000000|100%| E|CS|TAMS 0x00000000aef00000| PB 0x00000000aef00000| Complete 
| 752|0x00000000af000000, 0x00000000af100000, 0x00000000af100000|100%| E|CS|TAMS 0x00000000af000000| PB 0x00000000af000000| Complete 
|2034|0x00000000ff200000, 0x00000000ff300000, 0x00000000ff300000|100%| O|  |TAMS 0x00000000ff200000| PB 0x00000000ff200000| Untracked 
|2035|0x00000000ff300000, 0x00000000ff400000, 0x00000000ff400000|100%| E|CS|TAMS 0x00000000ff300000| PB 0x00000000ff300000| Complete 
|2036|0x00000000ff400000, 0x00000000ff500000, 0x00000000ff500000|100%| O|  |TAMS 0x00000000ff400000| PB 0x00000000ff400000| Untracked 
|2037|0x00000000ff500000, 0x00000000ff600000, 0x00000000ff600000|100%| O|  |TAMS 0x00000000ff500000| PB 0x00000000ff500000| Untracked 
|2038|0x00000000ff600000, 0x00000000ff700000, 0x00000000ff700000|100%| E|CS|TAMS 0x00000000ff600000| PB 0x00000000ff600000| Complete 
|2039|0x00000000ff700000, 0x00000000ff800000, 0x00000000ff800000|100%| E|CS|TAMS 0x00000000ff700000| PB 0x00000000ff700000| Complete 
|2040|0x00000000ff800000, 0x00000000ff900000, 0x00000000ff900000|100%| E|CS|TAMS 0x00000000ff800000| PB 0x00000000ff800000| Complete 
|2041|0x00000000ff900000, 0x00000000ffa00000, 0x00000000ffa00000|100%| E|CS|TAMS 0x00000000ff900000| PB 0x00000000ff900000| Complete 
|2042|0x00000000ffa00000, 0x00000000ffb00000, 0x00000000ffb00000|100%| O|  |TAMS 0x00000000ffa00000| PB 0x00000000ffa00000| Untracked 
|2043|0x00000000ffb00000, 0x00000000ffc00000, 0x00000000ffc00000|100%| E|CS|TAMS 0x00000000ffb00000| PB 0x00000000ffb00000| Complete 
|2044|0x00000000ffc00000, 0x00000000ffd00000, 0x00000000ffd00000|100%| E|CS|TAMS 0x00000000ffc00000| PB 0x00000000ffc00000| Complete 
|2045|0x00000000ffd00000, 0x00000000ffe00000, 0x00000000ffe00000|100%| O|  |TAMS 0x00000000ffd00000| PB 0x00000000ffd00000| Untracked 
|2046|0x00000000ffe00000, 0x00000000fff00000, 0x00000000fff00000|100%| E|CS|TAMS 0x00000000ffe00000| PB 0x00000000ffe00000| Complete 
|2047|0x00000000fff00000, 0x0000000100000000, 0x0000000100000000|100%| O|  |TAMS 0x00000000fff00000| PB 0x00000000fff00000| Untracked 

Card table byte_map: [0x0000022061fd0000,0x00000220623d0000] _byte_map_base: 0x0000022061bd0000

Marking Bits: (CMBitMap*) 0x000002204d18e650
 Bits: [0x00000220623d0000, 0x00000220643d0000)

Polling page: 0x000002204d360000

Metaspace:

Usage:
  Non-class:    120.98 MB used.
      Class:     19.89 MB used.
       Both:    140.87 MB used.

Virtual space:
  Non-class space:      128.00 MB reserved,     122.12 MB ( 95%) committed,  2 nodes.
      Class space:        1.00 GB reserved,      21.00 MB (  2%) committed,  1 nodes.
             Both:        1.12 GB reserved,     143.12 MB ( 12%) committed. 

Chunk freelists:
   Non-Class:  5.45 MB
       Class:  11.04 MB
        Both:  16.49 MB

MaxMetaspaceSize: unlimited
CompressedClassSpaceSize: 1.00 GB
Initial GC threshold: 21.00 MB
Current GC threshold: 238.56 MB
CDS: off
 - commit_granule_bytes: 65536.
 - commit_granule_words: 8192.
 - virtual_space_node_default_size: 8388608.
 - enlarge_chunks_in_place: 1.
 - use_allocation_guard: 0.


Internal statistics:

num_allocs_failed_limit: 9.
num_arena_births: 4572.
num_arena_deaths: 38.
num_vsnodes_births: 3.
num_vsnodes_deaths: 0.
num_space_committed: 2289.
num_space_uncommitted: 0.
num_chunks_returned_to_freelist: 61.
num_chunks_taken_from_freelist: 10763.
num_chunk_merges: 21.
num_chunk_splits: 7053.
num_chunks_enlarged: 4513.
num_inconsistent_stats: 0.

CodeHeap 'non-profiled nmethods': size=120000Kb used=15731Kb max_used=15731Kb free=104268Kb
 bounds [0x000002205a150000, 0x000002205b0b0000, 0x0000022061680000]
CodeHeap 'profiled nmethods': size=120000Kb used=32756Kb max_used=37084Kb free=87244Kb
 bounds [0x0000022052680000, 0x0000022054c70000, 0x0000022059bb0000]
CodeHeap 'non-nmethods': size=5760Kb used=2949Kb max_used=3047Kb free=2810Kb
 bounds [0x0000022059bb0000, 0x0000022059ec0000, 0x000002205a150000]
CodeCache: size=245760Kb, used=51436Kb, max_used=55862Kb, free=194322Kb
 total_blobs=17119, nmethods=16077, adapters=945, full_count=0
Compilation: enabled, stopped_count=0, restarted_count=0

Compilation events (20 events):
Event: 98.884 Thread 0x00000220671ba870 25281   !   3       java.security.Provider$Service::newInstanceUtil (60 bytes)
Event: 98.886 Thread 0x00000220671ba870 nmethod 25281 0x00000220538cc710 code [0x00000220538cc9e0, 0x00000220538cd6d8]
Event: 98.891 Thread 0x00000220671b9dd0 nmethod 25278 0x000002205aea1910 code [0x000002205aea1b20, 0x000002205aea21c0]
Event: 98.891 Thread 0x00000220671b9dd0 25225       4       com.android.tools.r8.graph.s9::<init> (29 bytes)
Event: 98.893 Thread 0x00000220671ba870 25282       3       sun.security.jca.GetInstance::getInstance (28 bytes)
Event: 98.894 Thread 0x00000220671ba870 nmethod 25282 0x0000022053e02790 code [0x0000022053e02980, 0x0000022053e02d98]
Event: 98.894 Thread 0x00000220671ba870 25283       3       sun.security.jca.GetInstance::checkSuperClass (68 bytes)
Event: 98.895 Thread 0x00000220671ba870 nmethod 25283 0x00000220534c5d10 code [0x00000220534c5fc0, 0x00000220534c68c0]
Event: 98.896 Thread 0x00000220671ba870 25284   !   3       sun.security.jca.GetInstance::getInstance (130 bytes)
Event: 98.898 Thread 0x00000220671ba870 nmethod 25284 0x00000220547e7490 code [0x00000220547e77e0, 0x00000220547e8910]
Event: 98.898 Thread 0x00000220671ba870 25285   !   3       java.security.MessageDigest$Delegate::of (84 bytes)
Event: 98.900 Thread 0x00000220671ba870 nmethod 25285 0x000002205420e590 code [0x000002205420e820, 0x000002205420f5c8]
Event: 98.904 Thread 0x00000220671ba870 25286       3       sun.security.jca.ProviderList::getService (122 bytes)
Event: 98.907 Thread 0x00000220671ba870 nmethod 25286 0x00000220540fc010 code [0x00000220540fc2c0, 0x00000220540fcfd8]
Event: 98.913 Thread 0x00000220671b9dd0 nmethod 25225 0x000002205ae79c10 code [0x000002205ae79de0, 0x000002205ae7a728]
Event: 98.913 Thread 0x00000220671b9dd0 25287       4       com.android.tools.r8.graph.g9::<init> (33 bytes)
Event: 98.914 Thread 0x00000220671ba870 25288       3       com.android.tools.r8.graph.sa::a (291 bytes)
Event: 98.918 Thread 0x00000220671ba870 nmethod 25288 0x0000022054a31a90 code [0x0000022054a31ea0, 0x0000022054a33cb8]
Event: 98.924 Thread 0x00000220671b9dd0 nmethod 25287 0x000002205ae79510 code [0x000002205ae796c0, 0x000002205ae79b38]
Event: 98.925 Thread 0x00000220671b9dd0 25072       4       java.io.ObjectOutputStream$BlockDataOutputStream::writeInt (46 bytes)

GC Heap History (20 events):
Event: 88.132 GC heap after
{Heap after GC invocations=94 (full 0):
 garbage-first heap   total 443392K, used 298338K [0x0000000080000000, 0x0000000100000000)
  region size 1024K, 18 young (18432K), 18 survivors (18432K)
 Metaspace       used 144128K, committed 146432K, reserved 1179648K
  class space    used 20368K, committed 21504K, reserved 1048576K
}
Event: 89.627 GC heap before
{Heap before GC invocations=95 (full 0):
 garbage-first heap   total 498688K, used 397666K [0x0000000080000000, 0x0000000100000000)
  region size 1024K, 116 young (118784K), 18 survivors (18432K)
 Metaspace       used 144158K, committed 146432K, reserved 1179648K
  class space    used 20368K, committed 21504K, reserved 1048576K
}
Event: 89.667 GC heap after
{Heap after GC invocations=96 (full 0):
 garbage-first heap   total 498688K, used 308270K [0x0000000080000000, 0x0000000100000000)
  region size 1024K, 11 young (11264K), 11 survivors (11264K)
 Metaspace       used 144158K, committed 146432K, reserved 1179648K
  class space    used 20368K, committed 21504K, reserved 1048576K
}
Event: 90.337 GC heap before
{Heap before GC invocations=96 (full 0):
 garbage-first heap   total 498688K, used 449582K [0x0000000080000000, 0x0000000100000000)
  region size 1024K, 150 young (153600K), 11 survivors (11264K)
 Metaspace       used 144160K, committed 146496K, reserved 1179648K
  class space    used 20368K, committed 21504K, reserved 1048576K
}
Event: 90.389 GC heap after
{Heap after GC invocations=97 (full 0):
 garbage-first heap   total 591872K, used 308224K [0x0000000080000000, 0x0000000100000000)
  region size 1024K, 19 young (19456K), 19 survivors (19456K)
 Metaspace       used 144160K, committed 146496K, reserved 1179648K
  class space    used 20368K, committed 21504K, reserved 1048576K
}
Event: 91.356 GC heap before
{Heap before GC invocations=97 (full 0):
 garbage-first heap   total 591872K, used 524288K [0x0000000080000000, 0x0000000100000000)
  region size 1024K, 231 young (236544K), 19 survivors (19456K)
 Metaspace       used 144165K, committed 146496K, reserved 1179648K
  class space    used 20368K, committed 21504K, reserved 1048576K
}
Event: 91.411 GC heap after
{Heap after GC invocations=98 (full 0):
 garbage-first heap   total 591872K, used 329147K [0x0000000080000000, 0x0000000100000000)
  region size 1024K, 29 young (29696K), 29 survivors (29696K)
 Metaspace       used 144165K, committed 146496K, reserved 1179648K
  class space    used 20368K, committed 21504K, reserved 1048576K
}
Event: 91.899 GC heap before
{Heap before GC invocations=98 (full 0):
 garbage-first heap   total 591872K, used 529851K [0x0000000080000000, 0x0000000100000000)
  region size 1024K, 226 young (231424K), 29 survivors (29696K)
 Metaspace       used 144170K, committed 146496K, reserved 1179648K
  class space    used 20368K, committed 21504K, reserved 1048576K
}
Event: 91.968 GC heap after
{Heap after GC invocations=99 (full 0):
 garbage-first heap   total 591872K, used 343948K [0x0000000080000000, 0x0000000100000000)
  region size 1024K, 14 young (14336K), 14 survivors (14336K)
 Metaspace       used 144170K, committed 146496K, reserved 1179648K
  class space    used 20368K, committed 21504K, reserved 1048576K
}
Event: 92.607 GC heap before
{Heap before GC invocations=99 (full 0):
 garbage-first heap   total 591872K, used 537484K [0x0000000080000000, 0x0000000100000000)
  region size 1024K, 204 young (208896K), 14 survivors (14336K)
 Metaspace       used 144171K, committed 146496K, reserved 1179648K
  class space    used 20368K, committed 21504K, reserved 1048576K
}
Event: 92.643 GC heap after
{Heap after GC invocations=100 (full 0):
 garbage-first heap   total 591872K, used 352140K [0x0000000080000000, 0x0000000100000000)
  region size 1024K, 22 young (22528K), 22 survivors (22528K)
 Metaspace       used 144171K, committed 146496K, reserved 1179648K
  class space    used 20368K, committed 21504K, reserved 1048576K
}
Event: 95.422 GC heap before
{Heap before GC invocations=101 (full 0):
 garbage-first heap   total 591872K, used 536460K [0x0000000080000000, 0x0000000100000000)
  region size 1024K, 203 young (207872K), 22 survivors (22528K)
 Metaspace       used 144201K, committed 146496K, reserved 1179648K
  class space    used 20368K, committed 21504K, reserved 1048576K
}
Event: 95.466 GC heap after
{Heap after GC invocations=102 (full 0):
 garbage-first heap   total 591872K, used 361781K [0x0000000080000000, 0x0000000100000000)
  region size 1024K, 21 young (21504K), 21 survivors (21504K)
 Metaspace       used 144201K, committed 146496K, reserved 1179648K
  class space    used 20368K, committed 21504K, reserved 1048576K
}
Event: 96.196 GC heap before
{Heap before GC invocations=102 (full 0):
 garbage-first heap   total 591872K, used 538933K [0x0000000080000000, 0x0000000100000000)
  region size 1024K, 194 young (198656K), 21 survivors (21504K)
 Metaspace       used 144208K, committed 146496K, reserved 1179648K
  class space    used 20368K, committed 21504K, reserved 1048576K
}
Event: 96.228 GC heap after
{Heap after GC invocations=103 (full 0):
 garbage-first heap   total 591872K, used 361147K [0x0000000080000000, 0x0000000100000000)
  region size 1024K, 17 young (17408K), 17 survivors (17408K)
 Metaspace       used 144208K, committed 146496K, reserved 1179648K
  class space    used 20368K, committed 21504K, reserved 1048576K
}
Event: 96.862 GC heap before
{Heap before GC invocations=103 (full 0):
 garbage-first heap   total 591872K, used 542395K [0x0000000080000000, 0x0000000100000000)
  region size 1024K, 195 young (199680K), 17 survivors (17408K)
 Metaspace       used 144225K, committed 146560K, reserved 1179648K
  class space    used 20368K, committed 21504K, reserved 1048576K
}
Event: 96.889 GC heap after
{Heap after GC invocations=104 (full 0):
 garbage-first heap   total 591872K, used 369152K [0x0000000080000000, 0x0000000100000000)
  region size 1024K, 15 young (15360K), 15 survivors (15360K)
 Metaspace       used 144225K, committed 146560K, reserved 1179648K
  class space    used 20368K, committed 21504K, reserved 1048576K
}
Event: 97.919 GC heap before
{Heap before GC invocations=105 (full 0):
 garbage-first heap   total 616448K, used 543232K [0x0000000080000000, 0x0000000100000000)
  region size 1024K, 186 young (190464K), 15 survivors (15360K)
 Metaspace       used 144225K, committed 146560K, reserved 1179648K
  class space    used 20368K, committed 21504K, reserved 1048576K
}
Event: 97.947 GC heap after
{Heap after GC invocations=106 (full 0):
 garbage-first heap   total 616448K, used 373497K [0x0000000080000000, 0x0000000100000000)
  region size 1024K, 14 young (14336K), 14 survivors (14336K)
 Metaspace       used 144225K, committed 146560K, reserved 1179648K
  class space    used 20368K, committed 21504K, reserved 1048576K
}
Event: 98.930 GC heap before
{Heap before GC invocations=106 (full 0):
 garbage-first heap   total 616448K, used 568057K [0x0000000080000000, 0x0000000100000000)
  region size 1024K, 205 young (209920K), 14 survivors (14336K)
 Metaspace       used 144250K, committed 146560K, reserved 1179648K
  class space    used 20368K, committed 21504K, reserved 1048576K
}

Dll operation events (3 events):
Event: 0.045 Loaded shared library C:\Program Files\Android\Android Studio\jbr\bin\java.dll
Event: 0.061 Loaded shared library C:\Program Files\Android\Android Studio\jbr\bin\zip.dll
Event: 0.997 Loaded shared library C:\Program Files\Android\Android Studio\jbr\bin\verify.dll

Deoptimization events (20 events):
Event: 98.806 Thread 0x000002206d1bb0f0 Uncommon trap: trap_request=0xffffffd6 fr.pc=0x000002205ad395f8 relative=0x0000000000001b78
Event: 98.806 Thread 0x000002206d1bb0f0 Uncommon trap: reason=array_check action=maybe_recompile pc=0x000002205ad395f8 method=java.util.ComparableTimSort.reverseRange([Ljava/lang/Object;II)V @ 20 c2
Event: 98.806 Thread 0x000002206d1bb0f0 DEOPT PACKING pc=0x000002205ad395f8 sp=0x000000cf34ffe9b0
Event: 98.806 Thread 0x000002206d1bb0f0 DEOPT UNPACKING pc=0x0000022059c046a2 sp=0x000000cf34ffe858 mode 2
Event: 98.807 Thread 0x000002206d1bb0f0 Uncommon trap: trap_request=0xffffffd6 fr.pc=0x000002205ad395f8 relative=0x0000000000001b78
Event: 98.807 Thread 0x000002206d1bb0f0 Uncommon trap: reason=array_check action=maybe_recompile pc=0x000002205ad395f8 method=java.util.ComparableTimSort.reverseRange([Ljava/lang/Object;II)V @ 20 c2
Event: 98.807 Thread 0x000002206d1bb0f0 DEOPT PACKING pc=0x000002205ad395f8 sp=0x000000cf34ffe9b0
Event: 98.807 Thread 0x000002206d1bb0f0 DEOPT UNPACKING pc=0x0000022059c046a2 sp=0x000000cf34ffe858 mode 2
Event: 98.807 Thread 0x000002206d1bb0f0 Uncommon trap: trap_request=0xffffffd6 fr.pc=0x000002205ad395f8 relative=0x0000000000001b78
Event: 98.807 Thread 0x000002206d1bb0f0 Uncommon trap: reason=array_check action=maybe_recompile pc=0x000002205ad395f8 method=java.util.ComparableTimSort.reverseRange([Ljava/lang/Object;II)V @ 20 c2
Event: 98.807 Thread 0x000002206d1bb0f0 DEOPT PACKING pc=0x000002205ad395f8 sp=0x000000cf34ffe9b0
Event: 98.807 Thread 0x000002206d1bb0f0 DEOPT UNPACKING pc=0x0000022059c046a2 sp=0x000000cf34ffe858 mode 2
Event: 98.807 Thread 0x000002206d1bb0f0 Uncommon trap: trap_request=0xffffffd6 fr.pc=0x000002205ad395f8 relative=0x0000000000001b78
Event: 98.807 Thread 0x000002206d1bb0f0 Uncommon trap: reason=array_check action=maybe_recompile pc=0x000002205ad395f8 method=java.util.ComparableTimSort.reverseRange([Ljava/lang/Object;II)V @ 20 c2
Event: 98.807 Thread 0x000002206d1bb0f0 DEOPT PACKING pc=0x000002205ad395f8 sp=0x000000cf34ffe9b0
Event: 98.807 Thread 0x000002206d1bb0f0 DEOPT UNPACKING pc=0x0000022059c046a2 sp=0x000000cf34ffe858 mode 2
Event: 98.844 Thread 0x000002206f059970 DEOPT PACKING pc=0x0000022053f960d9 sp=0x000000cf38afa340
Event: 98.844 Thread 0x000002206f059970 DEOPT UNPACKING pc=0x0000022059c04e42 sp=0x000000cf38af9a40 mode 0
Event: 98.882 Thread 0x0000022067a346b0 DEOPT PACKING pc=0x0000022053f960d9 sp=0x000000cf3a5f7700
Event: 98.882 Thread 0x0000022067a346b0 DEOPT UNPACKING pc=0x0000022059c04e42 sp=0x000000cf3a5f6e00 mode 0

Classes loaded (20 events):
Event: 55.468 Loading class java/util/IdentityHashMap$IdentityHashMapSpliterator done
Event: 55.468 Loading class java/util/IdentityHashMap$EntrySpliterator done
Event: 55.531 Loading class java/util/SortedSet$1
Event: 55.531 Loading class java/util/SortedSet$1 done
Event: 55.533 Loading class java/util/stream/SliceOps
Event: 55.536 Loading class java/util/stream/SliceOps done
Event: 55.537 Loading class java/util/stream/SliceOps$1
Event: 55.538 Loading class java/util/stream/SliceOps$1 done
Event: 55.550 Loading class java/util/stream/SliceOps$1$1
Event: 55.550 Loading class java/util/stream/SliceOps$1$1 done
Event: 57.454 Loading class java/util/IdentityHashMap$ValueIterator
Event: 57.454 Loading class java/util/IdentityHashMap$ValueIterator done
Event: 59.899 Loading class java/nio/ShortBuffer
Event: 59.903 Loading class java/nio/ShortBuffer done
Event: 60.085 Loading class java/nio/ByteBufferAsShortBufferL
Event: 60.088 Loading class java/nio/ByteBufferAsShortBufferL done
Event: 60.191 Loading class java/util/zip/Adler32
Event: 60.195 Loading class java/util/zip/Adler32 done
Event: 60.215 Loading class java/nio/file/Files$2
Event: 60.215 Loading class java/nio/file/Files$2 done

Classes unloaded (19 events):
Event: 55.045 Thread 0x000002206707e340 Unloading class 0x00000001012d1000 'java/lang/invoke/LambdaForm$DMH+0x00000001012d1000'
Event: 55.045 Thread 0x000002206707e340 Unloading class 0x00000001012d0c00 'java/lang/invoke/LambdaForm$DMH+0x00000001012d0c00'
Event: 55.045 Thread 0x000002206707e340 Unloading class 0x00000001012d0400 'java/lang/invoke/LambdaForm$DMH+0x00000001012d0400'
Event: 55.045 Thread 0x000002206707e340 Unloading class 0x00000001012d0800 'java/lang/invoke/LambdaForm$DMH+0x00000001012d0800'
Event: 55.045 Thread 0x000002206707e340 Unloading class 0x0000000101258c00 'java/lang/invoke/LambdaForm$DMH+0x0000000101258c00'
Event: 55.045 Thread 0x000002206707e340 Unloading class 0x0000000101258800 'java/lang/invoke/LambdaForm$DMH+0x0000000101258800'
Event: 55.045 Thread 0x000002206707e340 Unloading class 0x0000000101258400 'java/lang/invoke/LambdaForm$DMH+0x0000000101258400'
Event: 57.693 Thread 0x000002206707e340 Unloading class 0x000000010137d000 'java/lang/invoke/LambdaForm$DMH+0x000000010137d000'
Event: 57.693 Thread 0x000002206707e340 Unloading class 0x000000010137cc00 'java/lang/invoke/LambdaForm$DMH+0x000000010137cc00'
Event: 57.693 Thread 0x000002206707e340 Unloading class 0x000000010137c800 'java/lang/invoke/LambdaForm$DMH+0x000000010137c800'
Event: 57.693 Thread 0x000002206707e340 Unloading class 0x000000010137c400 'java/lang/invoke/LambdaForm$DMH+0x000000010137c400'
Event: 57.693 Thread 0x000002206707e340 Unloading class 0x000000010137d400 'java/lang/invoke/LambdaForm$DMH+0x000000010137d400'
Event: 57.693 Thread 0x000002206707e340 Unloading class 0x0000000101371000 'java/lang/invoke/LambdaForm$DMH+0x0000000101371000'
Event: 57.693 Thread 0x000002206707e340 Unloading class 0x0000000101370400 'java/lang/invoke/LambdaForm$DMH+0x0000000101370400'
Event: 57.693 Thread 0x000002206707e340 Unloading class 0x0000000101370000 'java/lang/invoke/LambdaForm$DMH+0x0000000101370000'
Event: 57.693 Thread 0x000002206707e340 Unloading class 0x0000000101370c00 'java/lang/invoke/LambdaForm$DMH+0x0000000101370c00'
Event: 61.351 Thread 0x000002206707e340 Unloading class 0x0000000101404000 'java/lang/invoke/LambdaForm$DMH+0x0000000101404000'
Event: 61.351 Thread 0x000002206707e340 Unloading class 0x00000001013c8400 'java/lang/invoke/LambdaForm$DMH+0x00000001013c8400'
Event: 72.931 Thread 0x000002206707e340 Unloading class 0x0000000101410400 'java/lang/invoke/LambdaForm$DMH+0x0000000101410400'

Classes redefined (0 events):
No events

Internal exceptions (20 events):
Event: 68.182 Thread 0x0000022067a32c70 Exception <a 'sun/nio/fs/WindowsException'{0x0000000093514000}> (0x0000000093514000) 
thrown [s\src\hotspot\share\prims\jni.cpp, line 537]
Event: 69.887 Thread 0x00000220678948e0 Exception <a 'sun/nio/fs/WindowsException'{0x0000000095022198}> (0x0000000095022198) 
thrown [s\src\hotspot\share\prims\jni.cpp, line 537]
Event: 69.947 Thread 0x000002206f057f30 Exception <a 'sun/nio/fs/WindowsException'{0x0000000094264a18}> (0x0000000094264a18) 
thrown [s\src\hotspot\share\prims\jni.cpp, line 537]
Event: 75.750 Thread 0x000002206f058c50 Implicit null exception at 0x000002205ada1c10 to 0x000002205ada7d9c
Event: 76.178 Thread 0x000002206f0585c0 Exception <a 'java/lang/NoSuchMethodError'{0x00000000936fe330}: 'java.lang.Object java.lang.invoke.DirectMethodHandle$Holder.newInvokeSpecial(java.lang.Object, int, java.lang.Object, java.lang.Object, java.lang.Object)'> (0x00000000936fe330) 
thrown [s\src\hotspot\share\interpreter\linkResolver.cpp, line 784]
Event: 76.179 Thread 0x000002206f0585c0 Exception <a 'java/lang/NoSuchMethodError'{0x0000000092d82d48}: 'java.lang.Object java.lang.invoke.DirectMethodHandle$Holder.invokeSpecial(java.lang.Object, java.lang.Object, int, java.lang.Object, java.lang.Object, java.lang.Object)'> (0x0000000092d82d48) 
thrown [s\src\hotspot\share\interpreter\linkResolver.cpp, line 784]
Event: 76.180 Thread 0x000002206f0585c0 Exception <a 'java/lang/NoSuchMethodError'{0x0000000092d86d30}: 'java.lang.Object java.lang.invoke.Invokers$Holder.linkToTargetMethod(int, java.lang.Object, java.lang.Object, java.lang.Object, java.lang.Object)'> (0x0000000092d86d30) 
thrown [s\src\hotspot\share\interpreter\linkResolver.cpp, line 784]
Event: 79.465 Thread 0x0000022067a32c70 Exception <a 'sun/nio/fs/WindowsException'{0x0000000097ce4da0}> (0x0000000097ce4da0) 
thrown [s\src\hotspot\share\prims\jni.cpp, line 537]
Event: 80.503 Thread 0x000002206f0585c0 Exception <a 'sun/nio/fs/WindowsException'{0x00000000922de290}> (0x00000000922de290) 
thrown [s\src\hotspot\share\prims\jni.cpp, line 537]
Event: 81.971 Thread 0x0000022067a33300 Exception <a 'sun/nio/fs/WindowsException'{0x0000000090bfaef8}> (0x0000000090bfaef8) 
thrown [s\src\hotspot\share\prims\jni.cpp, line 537]
Event: 82.951 Thread 0x000002206f059970 Exception <a 'sun/nio/fs/WindowsException'{0x00000000ffb00910}> (0x00000000ffb00910) 
thrown [s\src\hotspot\share\prims\jni.cpp, line 537]
Event: 82.955 Thread 0x00000220678948e0 Exception <a 'sun/nio/fs/WindowsException'{0x00000000ffcefd60}> (0x00000000ffcefd60) 
thrown [s\src\hotspot\share\prims\jni.cpp, line 537]
Event: 83.118 Thread 0x000002206f0585c0 Exception <a 'sun/nio/fs/WindowsException'{0x00000000ff685170}> (0x00000000ff685170) 
thrown [s\src\hotspot\share\prims\jni.cpp, line 537]
Event: 83.740 Thread 0x0000022067895c90 Exception <a 'sun/nio/fs/WindowsException'{0x0000000096bc3bd0}> (0x0000000096bc3bd0) 
thrown [s\src\hotspot\share\prims\jni.cpp, line 537]
Event: 83.888 Thread 0x0000022067a32c70 Exception <a 'sun/nio/fs/WindowsException'{0x0000000094829670}> (0x0000000094829670) 
thrown [s\src\hotspot\share\prims\jni.cpp, line 537]
Event: 85.573 Thread 0x00000220678948e0 Exception <a 'sun/nio/fs/WindowsException'{0x0000000097348418}> (0x0000000097348418) 
thrown [s\src\hotspot\share\prims\jni.cpp, line 537]
Event: 87.331 Thread 0x000002206f058c50 Exception <a 'sun/nio/fs/WindowsException'{0x00000000ffce3fc8}> (0x00000000ffce3fc8) 
thrown [s\src\hotspot\share\prims\jni.cpp, line 537]
Event: 95.479 Thread 0x000002206f058c50 Exception <a 'sun/nio/fs/WindowsException'{0x00000000ffc04500}> (0x00000000ffc04500) 
thrown [s\src\hotspot\share\prims\jni.cpp, line 537]
Event: 97.380 Thread 0x000002206f0585c0 Exception <a 'sun/nio/fs/WindowsException'{0x00000000a489b800}> (0x00000000a489b800) 
thrown [s\src\hotspot\share\prims\jni.cpp, line 537]
Event: 97.382 Thread 0x000002206f05a690 Exception <a 'sun/nio/fs/WindowsException'{0x00000000a48e93c0}> (0x00000000a48e93c0) 
thrown [s\src\hotspot\share\prims\jni.cpp, line 537]

ZGC Phase Switch (0 events):
No events

VM Operations (20 events):
Event: 92.643 Executing VM operation: G1CollectForAllocation (G1 Evacuation Pause) done
Event: 93.080 Executing VM operation: G1PauseRemark
Event: 93.113 Executing VM operation: G1PauseRemark done
Event: 93.526 Executing VM operation: G1PauseCleanup
Event: 93.550 Executing VM operation: G1PauseCleanup done
Event: 94.560 Executing VM operation: Cleanup
Event: 94.577 Executing VM operation: Cleanup done
Event: 95.421 Executing VM operation: G1CollectForAllocation (G1 Evacuation Pause)
Event: 95.466 Executing VM operation: G1CollectForAllocation (G1 Evacuation Pause) done
Event: 96.191 Executing VM operation: G1CollectForAllocation (G1 Evacuation Pause)
Event: 96.229 Executing VM operation: G1CollectForAllocation (G1 Evacuation Pause) done
Event: 96.862 Executing VM operation: G1CollectForAllocation (G1 Evacuation Pause)
Event: 96.890 Executing VM operation: G1CollectForAllocation (G1 Evacuation Pause) done
Event: 97.327 Executing VM operation: G1PauseRemark
Event: 97.355 Executing VM operation: G1PauseRemark done
Event: 97.690 Executing VM operation: G1PauseCleanup
Event: 97.691 Executing VM operation: G1PauseCleanup done
Event: 97.919 Executing VM operation: G1CollectForAllocation (G1 Evacuation Pause)
Event: 97.947 Executing VM operation: G1CollectForAllocation (G1 Evacuation Pause) done
Event: 98.926 Executing VM operation: G1CollectForAllocation (G1 Evacuation Pause)

Memory protections (0 events):
No events

Nmethod flushes (20 events):
Event: 97.353 Thread 0x000002206707e340 flushing  nmethod 0x0000022054237a90
Event: 97.353 Thread 0x000002206707e340 flushing  nmethod 0x0000022054239e90
Event: 97.353 Thread 0x000002206707e340 flushing  nmethod 0x00000220542f5c10
Event: 97.353 Thread 0x000002206707e340 flushing  nmethod 0x00000220542f8990
Event: 97.353 Thread 0x000002206707e340 flushing  nmethod 0x00000220542fad90
Event: 97.353 Thread 0x000002206707e340 flushing  nmethod 0x00000220543c1290
Event: 97.353 Thread 0x000002206707e340 flushing  nmethod 0x00000220543c1b10
Event: 97.353 Thread 0x000002206707e340 flushing  nmethod 0x0000022054456890
Event: 97.353 Thread 0x000002206707e340 flushing osr nmethod 0x000002205448f510
Event: 97.353 Thread 0x000002206707e340 flushing  nmethod 0x0000022054497790
Event: 97.353 Thread 0x000002206707e340 flushing  nmethod 0x0000022054498010
Event: 97.353 Thread 0x000002206707e340 flushing  nmethod 0x0000022054499c10
Event: 97.353 Thread 0x000002206707e340 flushing  nmethod 0x0000022054562810
Event: 97.353 Thread 0x000002206707e340 flushing  nmethod 0x00000220546fdf90
Event: 97.353 Thread 0x000002206707e340 flushing  nmethod 0x0000022054791c10
Event: 97.353 Thread 0x000002206707e340 flushing  nmethod 0x0000022054791f90
Event: 97.353 Thread 0x000002206707e340 flushing  nmethod 0x00000220547b5810
Event: 97.353 Thread 0x000002206707e340 flushing  nmethod 0x000002205480c310
Event: 97.353 Thread 0x000002206707e340 flushing  nmethod 0x000002205480d890
Event: 97.353 Thread 0x000002206707e340 flushing  nmethod 0x0000022054875510

Events (20 events):
Event: 46.448 Thread 0x000002206f1eaed0 Thread added: 0x0000022070f0ca80
Event: 46.452 Thread 0x000002206f1eaed0 Thread added: 0x0000022070f0b6d0
Event: 46.453 Thread 0x000002206f1eaed0 Thread added: 0x0000022070f0d110
Event: 46.454 Thread 0x000002206f1eaed0 Thread added: 0x0000022070f0a320
Event: 46.867 Thread 0x000002206e6efe70 Thread exited: 0x000002206e6efe70
Event: 46.867 Thread 0x000002206e6ee330 Thread exited: 0x000002206e6ee330
Event: 47.250 Thread 0x000002206f1eaed0 Thread added: 0x0000022070f0eb50
Event: 47.251 Thread 0x000002206f1eaed0 Thread added: 0x0000022070f0f1e0
Event: 47.251 Thread 0x000002206f1eaed0 Thread added: 0x0000022070f0de30
Event: 47.252 Thread 0x000002206f1eaed0 Thread added: 0x0000022070f0e4c0
Event: 47.451 Thread 0x00000220671ba870 Thread added: 0x000002206e6efe70
Event: 47.472 Thread 0x000002206e6efe70 Thread added: 0x000002206e6edc60
Event: 47.829 Thread 0x000002206f1eaed0 Thread added: 0x0000022070f0bd60
Event: 48.799 Thread 0x000002206e6edc60 Thread exited: 0x000002206e6edc60
Event: 48.905 Thread 0x0000022070f0bd60 Thread added: 0x000002206fd32a70
Event: 49.178 Thread 0x0000022070f0bd60 Thread added: 0x000002206f1ec280
Event: 49.179 Thread 0x0000022070f0bd60 Thread added: 0x0000022071012850
Event: 50.434 Thread 0x000002206e6efe70 Thread exited: 0x000002206e6efe70
Event: 52.070 Thread 0x00000220671ba870 Thread added: 0x000002206eaead90
Event: 60.863 Thread 0x00000220671ba870 Thread added: 0x000002206eae9ff0


Dynamic libraries:
0x00007ff7d07c0000 - 0x00007ff7d07ca000 	C:\Program Files\Android\Android Studio\jbr\bin\java.exe
0x00007fffd3ea0000 - 0x00007fffd4108000 	C:\WINDOWS\SYSTEM32\ntdll.dll
0x00007fffd35c0000 - 0x00007fffd3689000 	C:\WINDOWS\System32\KERNEL32.DLL
0x00007fffd1840000 - 0x00007fffd1c31000 	C:\WINDOWS\System32\KERNELBASE.dll
0x00007fffd09a0000 - 0x00007fffd0aeb000 	C:\WINDOWS\System32\ucrtbase.dll
0x00007fffc8fb0000 - 0x00007fffc8fc8000 	C:\Program Files\Android\Android Studio\jbr\bin\jli.dll
0x00007fff9cce0000 - 0x00007fff9ccfb000 	C:\Program Files\Android\Android Studio\jbr\bin\VCRUNTIME140.dll
0x00007fffd2e30000 - 0x00007fffd2ff6000 	C:\WINDOWS\System32\USER32.dll
0x00007fffd0af0000 - 0x00007fffd0b17000 	C:\WINDOWS\System32\win32u.dll
0x00007fffd2200000 - 0x00007fffd222b000 	C:\WINDOWS\System32\GDI32.dll
0x00007fffd0be0000 - 0x00007fffd0d0b000 	C:\WINDOWS\System32\gdi32full.dll
0x00007fffd1700000 - 0x00007fffd17a3000 	C:\WINDOWS\System32\msvcp_win.dll
0x00007fffb1b80000 - 0x00007fffb1e13000 	C:\WINDOWS\WinSxS\amd64_microsoft.windows.common-controls_6595b64144ccf1df_6.0.26100.7824_none_3e0870b2e3345462\COMCTL32.dll
0x00007fffd1fc0000 - 0x00007fffd2069000 	C:\WINDOWS\System32\msvcrt.dll
0x00007fffd36b0000 - 0x00007fffd36e1000 	C:\WINDOWS\System32\IMM32.DLL
0x00007fffc5ff0000 - 0x00007fffc5ffc000 	C:\Program Files\Android\Android Studio\jbr\bin\vcruntime140_1.dll
0x00007fff9c0a0000 - 0x00007fff9c12d000 	C:\Program Files\Android\Android Studio\jbr\bin\msvcp140.dll
0x00007fff09ad0000 - 0x00007fff0a766000 	C:\Program Files\Android\Android Studio\jbr\bin\server\jvm.dll
0x00007fffd1ef0000 - 0x00007fffd1fa4000 	C:\WINDOWS\System32\ADVAPI32.dll
0x00007fffd2980000 - 0x00007fffd2a26000 	C:\WINDOWS\System32\sechost.dll
0x00007fffd2750000 - 0x00007fffd2868000 	C:\WINDOWS\System32\RPCRT4.dll
0x00007fffd2100000 - 0x00007fffd2174000 	C:\WINDOWS\System32\WS2_32.dll
0x00007fffd05e0000 - 0x00007fffd063e000 	C:\WINDOWS\SYSTEM32\POWRPROF.dll
0x00007fffcaf40000 - 0x00007fffcaf75000 	C:\WINDOWS\SYSTEM32\WINMM.dll
0x00007fffc5660000 - 0x00007fffc566b000 	C:\WINDOWS\SYSTEM32\VERSION.dll
0x00007fffd05c0000 - 0x00007fffd05d4000 	C:\WINDOWS\SYSTEM32\UMPDC.dll
0x00007fffcf3b0000 - 0x00007fffcf3cb000 	C:\WINDOWS\SYSTEM32\kernel.appcore.dll
0x00007fffc5000000 - 0x00007fffc500a000 	C:\Program Files\Android\Android Studio\jbr\bin\jimage.dll
0x00007fffce2d0000 - 0x00007fffce512000 	C:\WINDOWS\SYSTEM32\DBGHELP.DLL
0x00007fffd22e0000 - 0x00007fffd2666000 	C:\WINDOWS\System32\combase.dll
0x00007fffd2670000 - 0x00007fffd2747000 	C:\WINDOWS\System32\OLEAUT32.dll
0x00007fffca490000 - 0x00007fffca4cb000 	C:\WINDOWS\SYSTEM32\dbgcore.DLL
0x00007fffd0780000 - 0x00007fffd0825000 	C:\WINDOWS\System32\bcryptPrimitives.dll
0x00007fffc9ec0000 - 0x00007fffc9ece000 	C:\Program Files\Android\Android Studio\jbr\bin\instrument.dll
0x00007fff9c450000 - 0x00007fff9c470000 	C:\Program Files\Android\Android Studio\jbr\bin\java.dll
0x00007fff9c430000 - 0x00007fff9c448000 	C:\Program Files\Android\Android Studio\jbr\bin\zip.dll
0x00007fffd3700000 - 0x00007fffd3e52000 	C:\WINDOWS\System32\SHELL32.dll
0x00007fffd0830000 - 0x00007fffd099a000 	C:\WINDOWS\System32\wintypes.dll
0x00007fffd0e90000 - 0x00007fffd16f3000 	C:\WINDOWS\System32\windows.storage.dll
0x00007fffd34c0000 - 0x00007fffd35b6000 	C:\WINDOWS\System32\SHCORE.dll
0x00007fffd1e80000 - 0x00007fffd1ee7000 	C:\WINDOWS\System32\shlwapi.dll
0x00007fffd06a0000 - 0x00007fffd06c9000 	C:\WINDOWS\SYSTEM32\profapi.dll
0x00007fffc4f20000 - 0x00007fffc4f30000 	C:\Program Files\Android\Android Studio\jbr\bin\net.dll
0x00007fffcf3d0000 - 0x00007fffcf4f7000 	C:\WINDOWS\SYSTEM32\WINHTTP.dll
0x00007fffcfa30000 - 0x00007fffcfa9b000 	C:\WINDOWS\system32\mswsock.dll
0x00007fff99e60000 - 0x00007fff99e76000 	C:\Program Files\Android\Android Studio\jbr\bin\nio.dll
0x00007fffc3db0000 - 0x00007fffc3dc0000 	C:\Program Files\Android\Android Studio\jbr\bin\verify.dll
0x00007fffc5040000 - 0x00007fffc5067000 	C:\Users\hrithikjoshi\.gradle\native\1def1411415f61bf3af743bc5b6707747c0891f09f0c88961ee8f79bc544acac\windows-amd64\native-platform.dll
0x00007fff992d0000 - 0x00007fff99348000 	C:\Users\hrithikjoshi\.gradle\native\0.2.7\x86_64-windows-gnu\gradle-fileevents.dll
0x00007fffb20f0000 - 0x00007fffb20f9000 	C:\Program Files\Android\Android Studio\jbr\bin\management.dll
0x00007fffb1a50000 - 0x00007fffb1a5b000 	C:\Program Files\Android\Android Studio\jbr\bin\management_ext.dll
0x00007fffd1d00000 - 0x00007fffd1d08000 	C:\WINDOWS\System32\PSAPI.DLL
0x00007fffceb70000 - 0x00007fffceba4000 	C:\WINDOWS\SYSTEM32\IPHLPAPI.DLL
0x00007fffd36f0000 - 0x00007fffd36fa000 	C:\WINDOWS\System32\NSI.dll
0x00007fffb2270000 - 0x00007fffb2279000 	C:\Program Files\Android\Android Studio\jbr\bin\extnet.dll
0x00007fffcfe20000 - 0x00007fffcfe3b000 	C:\WINDOWS\SYSTEM32\CRYPTSP.dll
0x00007fffcf310000 - 0x00007fffcf349000 	C:\WINDOWS\system32\rsaenh.dll
0x00007fffcfae0000 - 0x00007fffcfb0b000 	C:\WINDOWS\SYSTEM32\USERENV.dll
0x00007fffd0670000 - 0x00007fffd069a000 	C:\WINDOWS\SYSTEM32\bcrypt.dll
0x00007fffcfc80000 - 0x00007fffcfc8c000 	C:\WINDOWS\SYSTEM32\CRYPTBASE.dll
0x00007fff88b10000 - 0x00007fff88b18000 	C:\WINDOWS\system32\wshunix.dll
0x00007fff8e4c0000 - 0x00007fff8e4d8000 	C:\WINDOWS\system32\napinsp.dll
0x00007fffcebb0000 - 0x00007fffcecdc000 	C:\WINDOWS\SYSTEM32\DNSAPI.dll
0x00007fff8db60000 - 0x00007fff8db72000 	C:\WINDOWS\System32\winrnr.dll
0x00007fff8da90000 - 0x00007fff8dab2000 	C:\WINDOWS\system32\nlansp_c.dll
0x00007fffa4be0000 - 0x00007fffa4bf6000 	C:\WINDOWS\system32\wshbth.dll
0x00007fffc8fd0000 - 0x00007fffc8fdb000 	C:\Windows\System32\rasadhlp.dll
0x00007fffcaae0000 - 0x00007fffcab66000 	C:\WINDOWS\System32\fwpuclnt.dll

JVMTI agents:
C:\Users\hrithikjoshi\.gradle\wrapper\dists\gradle-8.13-bin\5xuhj0ry160q40clulazy9h7d\gradle-8.13\lib\agents\gradle-instrumentation-agent-8.13.jar path:C:\Program Files\Android\Android Studio\jbr\bin\instrument.dll, loaded, initialized, instrumentlib options:none

dbghelp: loaded successfully - version: 4.0.5 - missing functions: none
symbol engine: initialized successfully - sym options: 0x614 - pdb path: .;C:\Program Files\Android\Android Studio\jbr\bin;C:\WINDOWS\SYSTEM32;C:\WINDOWS\WinSxS\amd64_microsoft.windows.common-controls_6595b64144ccf1df_6.0.26100.7824_none_3e0870b2e3345462;C:\Program Files\Android\Android Studio\jbr\bin\server;C:\Users\hrithikjoshi\.gradle\native\1def1411415f61bf3af743bc5b6707747c0891f09f0c88961ee8f79bc544acac\windows-amd64;C:\Users\hrithikjoshi\.gradle\native\0.2.7\x86_64-windows-gnu

VM Arguments:
jvm_args: --add-opens=java.base/java.lang=ALL-UNNAMED --add-opens=java.base/java.lang.invoke=ALL-UNNAMED --add-opens=java.base/java.util=ALL-UNNAMED --add-opens=java.prefs/java.util.prefs=ALL-UNNAMED --add-exports=jdk.compiler/com.sun.tools.javac.api=ALL-UNNAMED --add-exports=jdk.compiler/com.sun.tools.javac.util=ALL-UNNAMED --add-opens=java.base/java.util=ALL-UNNAMED --add-opens=java.prefs/java.util.prefs=ALL-UNNAMED --add-opens=java.base/java.nio.charset=ALL-UNNAMED --add-opens=java.base/java.net=ALL-UNNAMED --add-opens=java.base/java.util.concurrent.atomic=ALL-UNNAMED --add-opens=java.xml/javax.xml.namespace=ALL-UNNAMED -Xmx2048m -Dfile.encoding=UTF-8 -Duser.country=US -Duser.language=en -Duser.variant -javaagent:C:\Users\hrithikjoshi\.gradle\wrapper\dists\gradle-8.13-bin\5xuhj0ry160q40clulazy9h7d\gradle-8.13\lib\agents\gradle-instrumentation-agent-8.13.jar 
java_command: org.gradle.launcher.daemon.bootstrap.GradleDaemon 8.13
java_class_path (initial): C:\Users\hrithikjoshi\.gradle\wrapper\dists\gradle-8.13-bin\5xuhj0ry160q40clulazy9h7d\gradle-8.13\lib\gradle-daemon-main-8.13.jar
Launcher Type: SUN_STANDARD

[Global flags]
     intx CICompilerCount                          = 4                                         {product} {ergonomic}
     uint ConcGCThreads                            = 3                                         {product} {ergonomic}
     uint G1ConcRefinementThreads                  = 10                                        {product} {ergonomic}
   size_t G1HeapRegionSize                         = 1048576                                   {product} {ergonomic}
    uintx GCDrainStackTargetSize                   = 64                                        {product} {ergonomic}
   size_t InitialHeapSize                          = 264241152                                 {product} {ergonomic}
   size_t MarkStackSize                            = 4194304                                   {product} {ergonomic}
   size_t MaxHeapSize                              = 2147483648                                {product} {command line}
   size_t MaxNewSize                               = 1287651328                                {product} {ergonomic}
   size_t MinHeapDeltaBytes                        = 1048576                                   {product} {ergonomic}
   size_t MinHeapSize                              = 8388608                                   {product} {ergonomic}
    uintx NonNMethodCodeHeapSize                   = 5839372                                {pd product} {ergonomic}
    uintx NonProfiledCodeHeapSize                  = 122909434                              {pd product} {ergonomic}
    uintx ProfiledCodeHeapSize                     = 122909434                              {pd product} {ergonomic}
    uintx ReservedCodeCacheSize                    = 251658240                              {pd product} {ergonomic}
     bool SegmentedCodeCache                       = true                                      {product} {ergonomic}
   size_t SoftMaxHeapSize                          = 2147483648                             {manageable} {ergonomic}
     bool UseCompressedOops                        = true                           {product lp64_product} {ergonomic}
     bool UseG1GC                                  = true                                      {product} {ergonomic}
     bool UseLargePagesIndividualAllocation        = false                                  {pd product} {ergonomic}

Logging:
Log output configuration:
 #0: stdout all=warning uptime,level,tags foldmultilines=false
 #1: stderr all=off uptime,level,tags foldmultilines=false

Environment Variables:
JAVA_HOME=C:\Program Files\Microsoft\jdk-17.0.14.7-hotspot\
PATH=C:\Program Files\Microsoft\jdk-17.0.14.7-hotspot\bin;C:\Program Files\Common Files\Oracle\Java\javapath;C:\WINDOWS\system32;C:\WINDOWS;C:\WINDOWS\System32\Wbem;C:\WINDOWS\System32\WindowsPowerShell\v1.0\;C:\WINDOWS\System32\OpenSSH\;C:\ProgramData\chocolatey\bin;C:\Users\hrithikjoshi\AppData\Local\Programs\Microsoft VS Code\bin;C:\Program Files\TortoiseSVN\bin;C:\Program Files\Kotlin\kotlinc\bin;C:\Program Files\Microsoft VS Code\bin;C:\Program Files\CAI-MCP\cai-mcp.exe;C:\Users\hrithikjoshi\AppData\Roaming\npm;C:\Program Files\Git\cmd;C:\Users\hrithikjoshi\AppData\Local\Android\Sdk\platform-tools;C:\Program Files\nodejs\;C:\Program Files\Amazon\AWSCLIV2\;C:\Users\hrithikjoshi\AppData\Local\Programs\Microsoft VS Code\bin;C:\Users\hrithikjoshi\AppData\Local\Microsoft\WindowsApps;C:\Users\hrithikjoshi\AppData\Local\JetBrains\IntelliJ IDEA 2025.1.1.1\bin;;C:\Program Files\CAI-MCP\cai-mcp.exe;C:\Users\hrithikjoshi\CAI-MCP\cai-mcp.exe;C:\Users\hrithikjoshi\AppData\Local\Android\Sdk\platform-tools;
USERNAME=hrithikjoshi
OS=Windows_NT
PROCESSOR_IDENTIFIER=Intel64 Family 6 Model 186 Stepping 3, GenuineIntel
TMP=C:\Users\HRITHI~1\AppData\Local\Temp
TEMP=C:\Users\HRITHI~1\AppData\Local\Temp




Periodic native trim disabled

JNI global refs:
JNI global refs: 31, weak refs: 56

JNI global refs memory usage: 835, weak refs: 1465

Process memory usage:
Resident Set Size: 1080932K (6% of 16426140K total physical memory with 925776K free physical memory)

OOME stack traces (most recent first):
Classloader memory used:
Loader org.gradle.internal.classloader.VisitableURLClassLoader$InstrumentingVisitableURLClassLoader: 53652K
Loader org.gradle.internal.classloader.VisitableURLClassLoader                         : 45335K
Loader bootstrap                                                                       : 30263K
Loader org.gradle.initialization.MixInLegacyTypesClassLoader                           : 13401K
Loader jdk.internal.loader.ClassLoaders$PlatformClassLoader                            : 516K
Loader jdk.internal.reflect.DelegatingClassLoader                                      : 455K
Loader jdk.internal.loader.ClassLoaders$AppClassLoader                                 : 235K
Loader org.gradle.internal.classloader.VisitableURLClassLoader                         : 226K
Loader org.gradle.groovy.scripts.internal.DefaultScriptCompilationHandler$ScriptClassLoader: 135K
Loader org.codehaus.groovy.runtime.callsite.CallSiteClassLoader                        : 27488B

Classes loaded by more than one classloader:
Class Program                                                                         : loaded 5 times (x 72B)
Class Build_gradle                                                                    : loaded 3 times (x 130B)
Class Build_gradle$1                                                                  : loaded 3 times (x 74B)
Class org.gradle.internal.classloader.FilteringClassLoader                            : loaded 2 times (x 105B)
Class [Lcom.google.common.collect.MapMakerInternalMap$Segment;                        : loaded 2 times (x 69B)
Class [Lcom.google.common.base.AbstractIterator$State;                                : loaded 2 times (x 69B)
Class com.google.common.base.CharMatcher$IsEither                                     : loaded 2 times (x 111B)
Class org.gradle.internal.classloader.ClassLoaderHierarchy                            : loaded 2 times (x 70B)
Class com.google.common.collect.ImmutableEnumSet                                      : loaded 2 times (x 146B)
Class com.google.common.util.concurrent.ExecutionError                                : loaded 2 times (x 82B)
Class com.google.common.collect.ImmutableList$1                                       : loaded 2 times (x 97B)
Class org.gradle.api.internal.classpath.ManifestUtil                                  : loaded 2 times (x 71B)
Class com.google.common.io.ByteArrayDataOutput                                        : loaded 2 times (x 70B)
Class com.google.common.collect.RegularImmutableMap                                   : loaded 2 times (x 121B)
Class com.google.common.collect.ImmutableMap$MapViewOfValuesAsSingletonSets           : loaded 2 times (x 126B)
Class [Lorg.objectweb.asm.Symbol;                                                     : loaded 2 times (x 69B)
Class org.objectweb.asm.ClassVisitor                                                  : loaded 2 times (x 88B)
Class com.google.common.collect.UnmodifiableListIterator                              : loaded 2 times (x 95B)
Class com.google.common.collect.MapMakerInternalMap$StrongKeyDummyValueEntry$LinkedStrongKeyDummyValueEntry: loaded 2 times (x 82B)
Class com.google.common.collect.MapMakerInternalMap$Strength                          : loaded 2 times (x 80B)
Class com.google.common.base.Platform$JdkPatternCompiler                              : loaded 2 times (x 75B)
Class org.objectweb.asm.MethodTooLargeException                                       : loaded 2 times (x 83B)
Class [Lcom.google.common.cache.CacheBuilder$OneWeigher;                              : loaded 2 times (x 69B)
Class com.google.common.base.Suppliers                                                : loaded 2 times (x 71B)
Class org.gradle.internal.classloader.DefaultClassLoaderFactory                       : loaded 2 times (x 82B)
Class [Lcom.google.common.collect.AbstractIterator$State;                             : loaded 2 times (x 69B)
Class com.google.common.base.CharMatcher$None                                         : loaded 2 times (x 112B)
Class ijJvmDebugger1_78ba7szm9htph9am0gsyausu7                                        : loaded 2 times (x 179B)
Class org.gradle.internal.classloader.ClassLoaderVisitor                              : loaded 2 times (x 76B)
Class [Lcom.google.common.collect.ImmutableMapEntry;                                  : loaded 2 times (x 69B)
Class org.gradle.api.internal.classpath.EffectiveClassPath                            : loaded 2 times (x 90B)
Class com.google.common.collect.ImmutableRangeSet                                     : loaded 2 times (x 115B)
Class com.google.common.collect.ListMultimap                                          : loaded 2 times (x 70B)
Class com.google.common.collect.ImmutableEnumMap                                      : loaded 2 times (x 126B)
Class com.google.common.base.Splitter                                                 : loaded 2 times (x 72B)
Class com.google.common.collect.Sets$1                                                : loaded 2 times (x 139B)
Class org.objectweb.asm.AnnotationVisitor                                             : loaded 2 times (x 78B)
Class org.gradle.api.internal.DefaultClassPathProvider                                : loaded 2 times (x 76B)
Class com.google.common.collect.MapMakerInternalMap$Strength$1                        : loaded 2 times (x 80B)
Class com.google.common.collect.Sets$2                                                : loaded 2 times (x 139B)
Class [Lorg.gradle.api.internal.ClassPathProvider;                                    : loaded 2 times (x 69B)
Class org.gradle.api.internal.ClassPathProvider                                       : loaded 2 times (x 70B)
Class com.google.common.collect.MapMakerInternalMap$Strength$2                        : loaded 2 times (x 80B)
Class com.google.common.base.AbstractIterator$State                                   : loaded 2 times (x 79B)
Class [Lorg.objectweb.asm.AnnotationVisitor;                                          : loaded 2 times (x 69B)
Class com.google.common.collect.Sets$3                                                : loaded 2 times (x 139B)
Class com.google.common.util.concurrent.AbstractFuture$SafeAtomicHelper               : loaded 2 times (x 79B)
Class com.google.common.cache.LocalCache$LocalLoadingCache                            : loaded 2 times (x 134B)
Class org.gradle.internal.service.UnknownServiceException                             : loaded 2 times (x 83B)
Class com.google.common.collect.MapMakerInternalMap$StrongValueEntry                  : loaded 2 times (x 70B)
Class com.google.common.io.ByteArrayDataInput                                         : loaded 2 times (x 70B)
Class com.google.common.collect.Sets$4                                                : loaded 2 times (x 139B)
Class org.objectweb.asm.ModuleVisitor                                                 : loaded 2 times (x 81B)
Class com.google.common.cache.LocalCache$Strength$1                                   : loaded 2 times (x 81B)
Class com.google.common.util.concurrent.SettableFuture                                : loaded 2 times (x 114B)
Class com.google.common.cache.LocalCache$Strength$2                                   : loaded 2 times (x 81B)
Class com.google.common.collect.Interners$InternerImpl                                : loaded 2 times (x 75B)
Class com.google.common.io.ByteStreams                                                : loaded 2 times (x 71B)
Class com.google.common.base.Splitter$1                                               : loaded 2 times (x 77B)
Class com.google.common.collect.Interner                                              : loaded 2 times (x 70B)
Class com.google.common.cache.LocalCache$Strength$3                                   : loaded 2 times (x 81B)
Class com.google.common.collect.MapDifference                                         : loaded 2 times (x 70B)
Class com.google.common.collect.MapMaker$Dummy                                        : loaded 2 times (x 79B)
Class org.objectweb.asm.FieldWriter                                                   : loaded 2 times (x 78B)
Class com.google.common.cache.CacheBuilder$NullListener                               : loaded 2 times (x 82B)
Class org.gradle.internal.classpath.TransformedClassPath                              : loaded 2 times (x 96B)
Class org.gradle.internal.classloader.InstrumentingClassLoader                        : loaded 2 times (x 70B)
Class com.google.common.collect.ImmutableRangeSet$AsSet                               : loaded 2 times (x 300B)
Class com.google.common.cache.CacheLoader$FunctionToCacheLoader                       : loaded 2 times (x 75B)
Class com.google.common.collect.Iterators$ArrayItr                                    : loaded 2 times (x 97B)
Class com.google.common.collect.ImmutableCollection$Builder                           : loaded 2 times (x 76B)
Class com.google.common.base.Joiner                                                   : loaded 2 times (x 79B)
Class com.google.common.base.MoreObjects                                              : loaded 2 times (x 71B)
Class com.google.common.collect.Platform                                              : loaded 2 times (x 71B)
Class [Lorg.objectweb.asm.Type;                                                       : loaded 2 times (x 69B)
Class com.google.common.collect.UnmodifiableIterator                                  : loaded 2 times (x 80B)
Class org.gradle.internal.service.ServiceLocator                                      : loaded 2 times (x 70B)
Class com.google.common.base.Ascii                                                    : loaded 2 times (x 71B)
Class com.google.common.collect.SingletonImmutableBiMap                               : loaded 2 times (x 143B)
Class com.google.common.cache.LocalCache$1                                            : loaded 2 times (x 89B)
Class com.google.common.collect.AbstractMapEntry                                      : loaded 2 times (x 81B)
Class com.google.common.collect.MapMakerInternalMap$AbstractStrongKeyEntry            : loaded 2 times (x 80B)
Class com.google.common.collect.Sets$ImprovedAbstractSet                              : loaded 2 times (x 135B)
Class com.google.common.collect.ImmutableList$Builder                                 : loaded 2 times (x 77B)
Class com.google.common.collect.AbstractMultimap                                      : loaded 2 times (x 123B)
Class com.google.common.cache.LocalCache$2                                            : loaded 2 times (x 142B)
Class com.google.common.collect.ImmutableRangeSet$1                                   : loaded 2 times (x 210B)
Class com.google.common.util.concurrent.AbstractFuture$UnsafeAtomicHelper$1           : loaded 2 times (x 76B)
Class com.google.common.collect.RegularImmutableAsList                                : loaded 2 times (x 217B)
Class com.google.common.base.Optional                                                 : loaded 2 times (x 80B)
Class com.google.common.collect.Range                                                 : loaded 2 times (x 87B)
Class com.google.common.util.concurrent.AbstractFuture$Trusted                        : loaded 2 times (x 70B)
Class com.google.common.collect.Iterators                                             : loaded 2 times (x 71B)
Class com.google.common.collect.Lists$StringAsImmutableList                           : loaded 2 times (x 207B)
Class com.google.common.util.concurrent.UncheckedExecutionException                   : loaded 2 times (x 82B)
Class org.gradle.kotlin.dsl.VersionCatalogAccessorsKt                                 : loaded 2 times (x 71B)
Class org.gradle.internal.InternalTransformer                                         : loaded 2 times (x 70B)
Class com.google.common.collect.AbstractMapBasedMultimap$KeySet$1                     : loaded 2 times (x 82B)
Class org.objectweb.asm.ClassWriter                                                   : loaded 2 times (x 106B)
Class com.google.common.cache.CacheLoader$UnsupportedLoadingOperationException        : loaded 2 times (x 82B)
Class com.google.common.base.CharMatcher$And                                          : loaded 2 times (x 112B)
Class org.gradle.internal.classloader.ClasspathUtil$1                                 : loaded 2 times (x 76B)
Class com.google.common.base.Objects                                                  : loaded 2 times (x 71B)
Class com.google.common.collect.FluentIterable$1                                      : loaded 2 times (x 81B)
Class org.objectweb.asm.FieldVisitor                                                  : loaded 2 times (x 77B)
Class com.google.common.collect.IndexedImmutableSet                                   : loaded 2 times (x 152B)
Class com.google.common.collect.ImmutableMap$1                                        : loaded 2 times (x 81B)
Class com.google.common.collect.BiMap                                                 : loaded 2 times (x 70B)
Class com.google.common.collect.RegularImmutableMap$KeySet                            : loaded 2 times (x 152B)
Class com.google.common.base.Absent                                                   : loaded 2 times (x 80B)
Class com.google.common.collect.FluentIterable$2                                      : loaded 2 times (x 81B)
Class com.google.common.primitives.Ints                                               : loaded 2 times (x 71B)
Class com.google.common.collect.AbstractIterator                                      : loaded 2 times (x 82B)
Class com.google.common.collect.FluentIterable$3                                      : loaded 2 times (x 81B)
Class com.google.common.collect.ObjectArrays                                          : loaded 2 times (x 71B)
Class com.google.common.collect.Multiset                                              : loaded 2 times (x 70B)
Class com.google.common.collect.ArrayListMultimapGwtSerializationDependencies         : loaded 2 times (x 172B)
Class com.google.common.collect.AbstractIndexedListIterator                           : loaded 2 times (x 96B)
Class com.google.common.math.MathPreconditions                                        : loaded 2 times (x 71B)
Class com.google.common.collect.ImmutableMapEntrySet                                  : loaded 2 times (x 152B)
Class org.gradle.api.internal.classpath.Module                                        : loaded 2 times (x 70B)
Class com.google.common.cache.Weigher                                                 : loaded 2 times (x 70B)
Class org.gradle.api.internal.classpath.UnknownModuleException                        : loaded 2 times (x 82B)
Class com.google.common.base.Stopwatch                                                : loaded 2 times (x 72B)
Class com.google.common.cache.LocalCache$Strength                                     : loaded 2 times (x 81B)
Class com.google.common.cache.Cache                                                   : loaded 2 times (x 70B)
Class com.google.common.base.NullnessCasts                                            : loaded 2 times (x 71B)
Class com.google.common.util.concurrent.AbstractFuture$Cancellation                   : loaded 2 times (x 72B)
Class com.google.common.collect.ImmutableMap$Builder                                  : loaded 2 times (x 82B)
Class com.google.common.base.Present                                                  : loaded 2 times (x 81B)
Class com.google.common.cache.RemovalListener                                         : loaded 2 times (x 70B)
Class org.gradle.api.internal.DefaultClassPathRegistry                                : loaded 2 times (x 76B)
Class com.google.common.primitives.IntsMethodsForWeb                                  : loaded 2 times (x 71B)
Class com.google.common.collect.Multimap                                              : loaded 2 times (x 70B)
Class org.gradle.api.internal.ClassPathRegistry                                       : loaded 2 times (x 70B)
Class org.gradle.internal.classpath.DefaultClassPath$ImmutableUniqueList              : loaded 2 times (x 199B)
Class com.google.common.collect.NullnessCasts                                         : loaded 2 times (x 71B)
Class com.google.common.base.ExtraObjectsMethodsForWeb                                : loaded 2 times (x 71B)
Class com.google.common.collect.MapMakerInternalMap$Segment                           : loaded 2 times (x 142B)
Class com.google.common.base.Equivalence$Identity                                     : loaded 2 times (x 82B)
Class com.google.common.cache.CacheBuilder                                            : loaded 2 times (x 72B)
Class com.google.common.collect.SingletonImmutableList                                : loaded 2 times (x 207B)
Class Settings_gradle$1                                                               : loaded 2 times (x 74B)
Class org.gradle.internal.classpath.ClassPath                                         : loaded 2 times (x 70B)
Class org.gradle.api.UncheckedIOException                                             : loaded 2 times (x 82B)
Class com.google.common.collect.Interners$InternerBuilder                             : loaded 2 times (x 76B)
Class com.google.common.base.JdkPattern                                               : loaded 2 times (x 75B)
Class com.google.common.collect.ImmutableList$ReverseImmutableList                    : loaded 2 times (x 209B)
Class org.objectweb.asm.SymbolTable$Entry                                             : loaded 2 times (x 74B)
Class com.google.common.util.concurrent.AbstractFuture$AtomicHelper                   : loaded 2 times (x 78B)
Class org.objectweb.asm.Edge                                                          : loaded 2 times (x 72B)
Class com.google.common.base.Suppliers$SupplierOfInstance                             : loaded 2 times (x 79B)
Class com.google.common.collect.Iterators$1                                           : loaded 2 times (x 81B)
Class com.google.common.cache.LocalCache$ComputingValueReference                      : loaded 2 times (x 96B)
Class com.google.common.collect.SingletonImmutableSet                                 : loaded 2 times (x 146B)
Class com.google.common.collect.ImmutableMap$IteratorBasedImmutableMap                : loaded 2 times (x 126B)
Class com.google.common.cache.LocalCache$Segment                                      : loaded 2 times (x 154B)
Class com.google.common.collect.SortedIterable                                        : loaded 2 times (x 70B)
Class com.google.common.collect.AbstractListMultimap                                  : loaded 2 times (x 172B)
Class [Lorg.objectweb.asm.SymbolTable$Entry;                                          : loaded 2 times (x 69B)
Class com.google.common.cache.CacheLoader                                             : loaded 2 times (x 74B)
Class com.google.common.collect.Iterators$4                                           : loaded 2 times (x 82B)
Class com.google.common.collect.ImmutableBiMap                                        : loaded 2 times (x 143B)
Class org.gradle.internal.installation.GradleInstallation$1                           : loaded 2 times (x 75B)
Class org.gradle.api.internal.classpath.ModuleRegistry                                : loaded 2 times (x 70B)
Class com.google.common.base.Splitter$SplittingIterator                               : loaded 2 times (x 84B)
Class com.google.common.util.concurrent.internal.InternalFutureFailureAccess          : loaded 2 times (x 72B)
Class com.google.common.collect.Iterators$5                                           : loaded 2 times (x 82B)
Class com.google.common.collect.ImmutableSet$JdkBackedSetBuilderImpl                  : loaded 2 times (x 76B)
Class com.google.common.util.concurrent.AbstractFuture$UnsafeAtomicHelper             : loaded 2 times (x 78B)
Class com.google.common.cache.LocalCache$LocalManualCache$1                           : loaded 2 times (x 75B)
Class com.google.common.base.CharMatcher$ForPredicate                                 : loaded 2 times (x 112B)
Class com.google.common.base.CharMatcher$AnyOf                                        : loaded 2 times (x 112B)
Class com.google.common.collect.ImmutableCollection                                   : loaded 2 times (x 125B)
Class org.gradle.api.internal.classpath.DefaultModuleRegistry                         : loaded 2 times (x 86B)
Class com.google.common.collect.Lists                                                 : loaded 2 times (x 71B)
Class com.google.common.util.concurrent.ListenableFuture                              : loaded 2 times (x 70B)
Class com.google.common.cache.ReferenceEntry                                          : loaded 2 times (x 70B)
Class com.google.common.base.Converter                                                : loaded 2 times (x 90B)
Class com.google.common.collect.ImmutableSet$CachingAsList                            : loaded 2 times (x 148B)
Class com.google.common.collect.AbstractMapBasedMultimap                              : loaded 2 times (x 139B)
Class com.google.common.util.concurrent.AbstractFuture                                : loaded 2 times (x 106B)
Class com.google.common.base.FunctionalEquivalence                                    : loaded 2 times (x 83B)
Class com.google.common.collect.Iterators$9                                           : loaded 2 times (x 81B)
Class com.google.common.collect.ImmutableAsList                                       : loaded 2 times (x 209B)
Class org.objectweb.asm.RecordComponentVisitor                                        : loaded 2 times (x 77B)
Class com.google.common.cache.CacheLoader$SupplierToCacheLoader                       : loaded 2 times (x 75B)
Class com.google.common.collect.Maps$EntryTransformer                                 : loaded 2 times (x 70B)
Class org.gradle.internal.service.ServiceLookupException                              : loaded 2 times (x 82B)
Class com.google.common.collect.ImmutableSortedSet                                    : loaded 2 times (x 300B)
Class [Lcom.google.common.cache.LocalCache$EntryFactory;                              : loaded 2 times (x 69B)
Class org.gradle.internal.classloader.ClassLoaderFactory                              : loaded 2 times (x 70B)
Class com.google.common.base.CommonPattern                                            : loaded 2 times (x 74B)
Class com.google.common.cache.LocalCache$LocalManualCache                             : loaded 2 times (x 99B)
Class com.google.common.base.CharMatcher$IsNot                                        : loaded 2 times (x 111B)
Class org.gradle.internal.service.CachingServiceLocator                               : loaded 2 times (x 82B)
Class com.google.common.collect.AbstractMapBasedMultimap$KeySet                       : loaded 2 times (x 137B)
Class com.google.common.collect.RegularImmutableSortedSet                             : loaded 2 times (x 300B)
Class com.google.common.math.IntMath                                                  : loaded 2 times (x 71B)
Class com.google.common.collect.MapMakerInternalMap$InternalEntry                     : loaded 2 times (x 70B)
Class com.google.common.collect.ImmutableMapEntry                                     : loaded 2 times (x 85B)
Class com.google.common.base.Equivalence                                              : loaded 2 times (x 82B)
Class com.google.common.base.Function                                                 : loaded 2 times (x 70B)
Class com.google.common.collect.ImmutableMapEntry$NonTerminalImmutableMapEntry        : loaded 2 times (x 85B)
Class com.google.common.collect.IndexedImmutableSet$1                                 : loaded 2 times (x 213B)
Class com.google.common.cache.CacheBuilder$OneWeigher                                 : loaded 2 times (x 82B)
Class com.google.common.collect.RegularImmutableList                                  : loaded 2 times (x 213B)
Class org.gradle.internal.classloader.ClasspathUtil                                   : loaded 2 times (x 71B)
Class com.google.common.base.Charsets                                                 : loaded 2 times (x 71B)
Class com.google.common.util.concurrent.Uninterruptibles                              : loaded 2 times (x 71B)
Class com.google.common.collect.Maps                                                  : loaded 2 times (x 71B)
Class org.gradle.api.specs.Spec                                                       : loaded 2 times (x 70B)
Class com.google.common.collect.MapMaker                                              : loaded 2 times (x 72B)
Class [Lcom.google.common.collect.ImmutableEntry;                                     : loaded 2 times (x 69B)
Class com.google.common.cache.LocalCache$LoadingValueReference                        : loaded 2 times (x 96B)
Class org.gradle.api.internal.classpath.DefaultModuleRegistry$DefaultModule           : loaded 2 times (x 86B)
Class com.google.common.collect.MapMakerInternalMap$StrongKeyDummyValueEntry          : loaded 2 times (x 82B)
Class com.google.common.base.Platform                                                 : loaded 2 times (x 71B)
Class [Lorg.objectweb.asm.AnnotationWriter;                                           : loaded 2 times (x 69B)
Class com.google.common.collect.Maps$8                                                : loaded 2 times (x 82B)
Class com.google.common.collect.ImmutableRangeSet$Builder                             : loaded 2 times (x 77B)
Class com.google.common.collect.Sets$SetView                                          : loaded 2 times (x 138B)
Class com.google.common.cache.LocalCache$StrongValueReference                         : loaded 2 times (x 90B)
Class com.google.common.util.concurrent.AbstractFuture$SynchronizedHelper             : loaded 2 times (x 78B)
Class org.objectweb.asm.Type                                                          : loaded 2 times (x 72B)
Class org.gradle.internal.classloader.VisitableURLClassLoader$InstrumentingVisitableURLClassLoader: loaded 2 times (x 123B)
Class com.google.common.collect.MapMakerInternalMap$StrongKeyDummyValueEntry$Helper   : loaded 2 times (x 79B)
Class org.objectweb.asm.ByteVector                                                    : loaded 2 times (x 79B)
Class [Lcom.google.common.cache.CacheBuilder$NullListener;                            : loaded 2 times (x 69B)
Class com.google.common.math.IntMath$1                                                : loaded 2 times (x 71B)
Class org.gradle.internal.classloader.VisitableURLClassLoader$Spec                    : loaded 2 times (x 74B)
Class org.gradle.internal.classpath.DefaultClassPath                                  : loaded 2 times (x 90B)
Class com.google.common.base.AbstractIterator                                         : loaded 2 times (x 80B)
Class org.objectweb.asm.Symbol                                                        : loaded 2 times (x 73B)
Class com.google.common.io.Closer                                                     : loaded 2 times (x 78B)
Class com.google.common.base.CharMatcher$Ascii                                        : loaded 2 times (x 112B)
Class com.google.common.base.CharMatcher$BitSetMatcher                                : loaded 2 times (x 112B)
Class com.google.common.collect.ImmutableSet                                          : loaded 2 times (x 145B)
Class com.google.common.collect.RegularImmutableMap$Values                            : loaded 2 times (x 207B)
Class org.gradle.internal.classloader.ClassLoaderSpec                                 : loaded 2 times (x 71B)
Class org.objectweb.asm.AnnotationWriter                                              : loaded 2 times (x 79B)
Class com.google.common.cache.CacheStats                                              : loaded 2 times (x 71B)
Class com.google.common.collect.Interners                                             : loaded 2 times (x 71B)
Class com.google.common.io.Closer$Suppressor                                          : loaded 2 times (x 70B)
Class org.objectweb.asm.RecordComponentWriter                                         : loaded 2 times (x 78B)
Class com.google.common.util.concurrent.AbstractFuture$Listener                       : loaded 2 times (x 72B)
Class com.google.common.base.CharMatcher$Or                                           : loaded 2 times (x 112B)
Class Settings_gradle$1$1                                                             : loaded 2 times (x 74B)
Class ijJvmDebugger1_78ba7szm9htph9am0gsyausu7$_run_closure1$_closure2                : loaded 2 times (x 140B)
Class org.objectweb.asm.Attribute                                                     : loaded 2 times (x 77B)
Class com.google.common.base.Supplier                                                 : loaded 2 times (x 70B)
Class org.gradle.internal.classloader.VisitableURLClassLoader                         : loaded 2 times (x 117B)
Class com.google.common.collect.ImmutableList$SerializedForm                          : loaded 2 times (x 73B)
Class com.google.common.util.concurrent.AbstractFuture$Waiter                         : loaded 2 times (x 72B)
Class Settings_gradle                                                                 : loaded 2 times (x 128B)
Class org.gradle.internal.Cast                                                        : loaded 2 times (x 71B)
Class org.gradle.api.Action                                                           : loaded 2 times (x 70B)
Class com.google.common.collect.MapMakerInternalMap                                   : loaded 2 times (x 161B)
Class com.google.common.base.Strings                                                  : loaded 2 times (x 71B)
Class com.google.common.collect.Sets                                                  : loaded 2 times (x 71B)
Class org.objectweb.asm.Handler                                                       : loaded 2 times (x 72B)
Class com.google.common.base.Ticker                                                   : loaded 2 times (x 72B)
Class com.google.common.base.CharMatcher$FastMatcher                                  : loaded 2 times (x 111B)
Class [Lcom.google.common.cache.LocalCache$Segment;                                   : loaded 2 times (x 69B)
Class [Lcom.google.common.cache.LocalCache$Strength;                                  : loaded 2 times (x 69B)
Class com.google.common.cache.CacheBuilder$1                                          : loaded 2 times (x 85B)
Class com.google.common.base.Predicate                                                : loaded 2 times (x 70B)
Class com.google.common.collect.ImmutableMap                                          : loaded 2 times (x 120B)
Class org.gradle.internal.classpath.DefaultClassPath$ImmutableUniqueList$Builder      : loaded 2 times (x 75B)
Class com.google.common.collect.MapMakerInternalMap$WeakValueReference                : loaded 2 times (x 70B)
Class com.google.common.collect.AbstractRangeSet                                      : loaded 2 times (x 114B)
Class com.google.common.cache.LocalCache                                              : loaded 2 times (x 187B)
Class com.google.common.cache.CacheBuilder$2                                          : loaded 2 times (x 79B)
Class com.google.common.base.CharMatcher$NegatedFastMatcher                           : loaded 2 times (x 113B)
Class ijKotlinCoroutineJvmDebugInit1_47kni0ur99ip5stb7akt3h61m$_run_closure1$_closure2: loaded 2 times (x 139B)
Class com.google.common.collect.ArrayListMultimap                                     : loaded 2 times (x 172B)
Class com.google.common.cache.CacheBuilder$3                                          : loaded 2 times (x 72B)
Class [Lcom.google.common.collect.AbstractMapEntry;                                   : loaded 2 times (x 69B)
Class com.google.common.collect.ImmutableEntry                                        : loaded 2 times (x 82B)
Class ijKotlinCoroutineJvmDebugInit1_47kni0ur99ip5stb7akt3h61m                        : loaded 2 times (x 179B)
Class ijJvmDebugger1_78ba7szm9htph9am0gsyausu7$_run_closure1                          : loaded 2 times (x 139B)
Class org.gradle.api.GradleException                                                  : loaded 2 times (x 82B)
Class com.google.common.base.Suppliers$MemoizingSupplier                              : loaded 2 times (x 79B)
Class com.google.common.collect.CollectPreconditions                                  : loaded 2 times (x 71B)
Class ijKotlinCoroutineJvmDebugInit1_47kni0ur99ip5stb7akt3h61m$_run_closure1          : loaded 2 times (x 139B)
Class [Lcom.google.common.collect.MapMakerInternalMap$Strength;                       : loaded 2 times (x 69B)
Class com.google.common.collect.SortedMapDifference                                   : loaded 2 times (x 70B)
Class com.google.common.collect.MapMakerInternalMap$StrongKeyDummyValueSegment        : loaded 2 times (x 142B)
Class com.google.common.collect.Iterables$4                                           : loaded 2 times (x 81B)
Class com.google.common.cache.LocalCache$EntryFactory                                 : loaded 2 times (x 83B)
Class [Lcom.google.common.collect.MapMaker$Dummy;                                     : loaded 2 times (x 69B)
Class com.google.common.base.CharMatcher$Whitespace                                   : loaded 2 times (x 112B)
Class com.google.common.base.Splitter$1$1                                             : loaded 2 times (x 86B)
Class com.google.common.cache.LocalCache$AbstractReferenceEntry                       : loaded 2 times (x 107B)
Class org.gradle.internal.IoActions                                                   : loaded 2 times (x 71B)
Class com.google.common.collect.ImmutableMapKeySet                                    : loaded 2 times (x 152B)
Class com.google.common.collect.ImmutableRangeSet$ComplementRanges                    : loaded 2 times (x 207B)
Class org.objectweb.asm.SymbolTable                                                   : loaded 2 times (x 72B)
Class com.google.common.cache.CacheLoader$InvalidCacheLoadException                   : loaded 2 times (x 82B)
Class com.google.common.collect.ImmutableSet$RegularSetBuilderImpl                    : loaded 2 times (x 77B)
Class org.gradle.internal.classloader.SystemClassLoaderSpec                           : loaded 2 times (x 71B)
Class com.google.common.collect.FluentIterable                                        : loaded 2 times (x 81B)
Class com.google.common.cache.LocalCache$StrongEntry                                  : loaded 2 times (x 108B)
Class com.google.common.util.concurrent.AbstractFuture$TrustedFuture                  : loaded 2 times (x 114B)
Class com.google.common.cache.LoadingCache                                            : loaded 2 times (x 70B)
Class com.google.common.io.ByteStreams$LimitedInputStream                             : loaded 2 times (x 92B)
Class com.google.common.base.Suppliers$NonSerializableMemoizingSupplier               : loaded 2 times (x 79B)
Class org.objectweb.asm.MethodWriter                                                  : loaded 2 times (x 106B)
Class [Lcom.google.common.cache.Weigher;                                              : loaded 2 times (x 69B)
Class com.google.common.collect.RegularImmutableMap$BucketOverflowException           : loaded 2 times (x 82B)
Class com.google.common.collect.AbstractIterator$State                                : loaded 2 times (x 79B)
Class com.google.common.collect.RegularImmutableBiMap                                 : loaded 2 times (x 149B)
Class com.google.common.cache.LocalCache$ValueReference                               : loaded 2 times (x 70B)
Class com.google.common.base.CharMatcher$Negated                                      : loaded 2 times (x 113B)
Class com.google.common.base.CharMatcher$Is                                           : loaded 2 times (x 111B)
Class com.google.common.base.PatternCompiler                                          : loaded 2 times (x 70B)
Class com.google.common.util.concurrent.AbstractFuture$Failure                        : loaded 2 times (x 72B)
Class com.google.common.base.Equivalence$Equals                                       : loaded 2 times (x 82B)
Class com.google.common.collect.Hashing                                               : loaded 2 times (x 71B)
Class com.google.common.base.Preconditions                                            : loaded 2 times (x 71B)
Class com.google.common.base.Joiner$1                                                 : loaded 2 times (x 80B)
Class org.objectweb.asm.Label                                                         : loaded 2 times (x 73B)
Class org.objectweb.asm.CurrentFrame                                                  : loaded 2 times (x 73B)
Class org.objectweb.asm.ClassTooLargeException                                        : loaded 2 times (x 83B)
Class com.google.common.base.CharMatcher                                              : loaded 2 times (x 111B)
Class com.google.common.collect.PeekingIterator                                       : loaded 2 times (x 70B)
Class com.google.common.collect.Table                                                 : loaded 2 times (x 70B)
Class com.google.common.collect.MapMakerInternalMap$InternalEntryHelper               : loaded 2 times (x 70B)
Class com.google.common.collect.RangeGwtSerializationDependencies                     : loaded 2 times (x 71B)
Class com.google.common.base.Joiner$2                                                 : loaded 2 times (x 79B)
Class org.objectweb.asm.Frame                                                         : loaded 2 times (x 73B)
Class org.objectweb.asm.MethodVisitor                                                 : loaded 2 times (x 105B)
Class com.google.common.cache.LocalCache$EntryFactory$1                               : loaded 2 times (x 83B)
Class [Lcom.google.common.cache.RemovalListener;                                      : loaded 2 times (x 69B)
Class com.google.common.base.CharMatcher$NamedFastMatcher                             : loaded 2 times (x 112B)
Class com.google.common.base.CharMatcher$1                                            : loaded 2 times (x 113B)
Class com.google.common.collect.RangeSet                                              : loaded 2 times (x 70B)
Class com.google.common.cache.LocalCache$EntryFactory$2                               : loaded 2 times (x 83B)
Class org.gradle.api.internal.classpath.GlobalCacheRootsProvider                      : loaded 2 times (x 70B)
Class com.google.common.collect.CollectCollectors                                     : loaded 2 times (x 71B)
Class org.objectweb.asm.ModuleWriter                                                  : loaded 2 times (x 82B)
Class com.google.common.cache.LocalCache$EntryFactory$3                               : loaded 2 times (x 83B)
Class com.google.common.base.Ticker$1                                                 : loaded 2 times (x 72B)
Class com.google.common.collect.Maps$BiMapConverter                                   : loaded 2 times (x 90B)
Class com.google.common.collect.ImmutableMapEntrySet$RegularEntrySet                  : loaded 2 times (x 152B)
Class com.google.common.cache.LocalCache$EntryFactory$4                               : loaded 2 times (x 83B)
Class com.google.common.base.CharMatcher$InRange                                      : loaded 2 times (x 111B)
Class com.google.common.collect.ImmutableSet$Builder                                  : loaded 2 times (x 85B)
Class com.google.common.io.ByteStreams$1                                              : loaded 2 times (x 85B)
Class com.google.common.cache.LocalCache$EntryFactory$5                               : loaded 2 times (x 83B)
Class com.google.common.base.PairwiseEquivalence                                      : loaded 2 times (x 83B)
Class com.google.common.cache.LocalCache$EntryFactory$6                               : loaded 2 times (x 83B)
Class org.gradle.internal.installation.CurrentGradleInstallationLocator               : loaded 2 times (x 71B)
Class com.google.common.collect.Maps$KeySet                                           : loaded 2 times (x 137B)
Class com.google.common.cache.LocalCache$EntryFactory$7                               : loaded 2 times (x 83B)
Class com.google.common.collect.ImmutableSet$EmptySetBuilderImpl                      : loaded 2 times (x 76B)
Class com.google.common.collect.ImmutableList                                         : loaded 2 times (x 206B)
Class org.gradle.internal.service.DefaultServiceLocator                               : loaded 2 times (x 83B)
Class com.google.common.cache.LocalCache$EntryFactory$8                               : loaded 2 times (x 83B)
Class com.google.common.collect.ImmutableSet$SetBuilderImpl                           : loaded 2 times (x 76B)
Class org.gradle.internal.installation.CurrentGradleInstallation                      : loaded 2 times (x 73B)
Class com.google.common.cache.CacheLoader$1                                           : loaded 2 times (x 75B)
Class com.google.common.collect.ForwardingObject                                      : loaded 2 times (x 72B)
Class com.google.common.collect.ImmutableList$SubList                                 : loaded 2 times (x 209B)
Class org.gradle.util.internal.GUtil                                                  : loaded 2 times (x 71B)
Class com.google.common.util.concurrent.AbstractFuture$SetFuture                      : loaded 2 times (x 75B)
Class com.google.common.cache.AbstractCache$StatsCounter                              : loaded 2 times (x 70B)
Class com.google.common.collect.MapMakerInternalMap$1                                 : loaded 2 times (x 83B)
Class com.google.common.collect.Iterators$MergingIterator                             : loaded 2 times (x 81B)
Class com.google.common.collect.RegularImmutableSet                                   : loaded 2 times (x 149B)
Class org.gradle.internal.installation.GradleInstallation                             : loaded 2 times (x 75B)
Class com.google.common.base.Splitter$Strategy                                        : loaded 2 times (x 70B)
Class com.google.common.collect.Iterables                                             : loaded 2 times (x 71B)

---------------  S Y S T E M  ---------------

OS:
 Windows 11 , 64 bit Build 26100 (10.0.26100.7705)
OS uptime: 12 days 20:54 hours
Hyper-V role detected

CPU: total 12 (initial active 12) (6 cores per cpu, 2 threads per core) family 6 model 186 stepping 3 microcode 0x4128, cx8, cmov, fxsr, ht, mmx, 3dnowpref, sse, sse2, sse3, ssse3, sse4.1, sse4.2, popcnt, lzcnt, tsc, tscinvbit, avx, avx2, aes, erms, clmul, bmi1, bmi2, adx, sha, fma, vzeroupper, clflush, clflushopt, clwb, hv, serialize, rdtscp, rdpid, fsrm, f16c, cet_ibt, cet_ss
Processor Information for processor 0
  Max Mhz: 1600, Current Mhz: 1600, Mhz Limit: 1600
Processor Information for processor 1
  Max Mhz: 1600, Current Mhz: 1600, Mhz Limit: 1600
Processor Information for processor 2
  Max Mhz: 1600, Current Mhz: 1600, Mhz Limit: 1600
Processor Information for processor 3
  Max Mhz: 1600, Current Mhz: 1600, Mhz Limit: 1600
Processor Information for processor 4
  Max Mhz: 1600, Current Mhz: 1200, Mhz Limit: 1200
Processor Information for processor 5
  Max Mhz: 1600, Current Mhz: 1200, Mhz Limit: 1200
Processor Information for processor 6
  Max Mhz: 1600, Current Mhz: 1200, Mhz Limit: 1200
Processor Information for processor 7
  Max Mhz: 1600, Current Mhz: 1200, Mhz Limit: 1200
Processor Information for processor 8
  Max Mhz: 1600, Current Mhz: 1200, Mhz Limit: 1200
Processor Information for processor 9
  Max Mhz: 1600, Current Mhz: 1200, Mhz Limit: 1200
Processor Information for processor 10
  Max Mhz: 1600, Current Mhz: 1200, Mhz Limit: 1200
Processor Information for processor 11
  Max Mhz: 1600, Current Mhz: 1200, Mhz Limit: 1200

Memory: 4k page, system-wide physical 16041M (911M free)
TotalPageFile size 36521M (AvailPageFile size 10M)
current process WorkingSet (physical memory assigned to process): 1076M, peak: 1077M
current process commit charge ("private bytes"): 1252M, peak: 1257M

vm_info: OpenJDK 64-Bit Server VM (21.0.8+-14196175-b1038.72) for windows-amd64 JRE (21.0.8+-14196175-b1038.72), built on 2025-10-01T10:24:33Z by "builder" with MS VC++ 16.10 / 16.11 (VS2019)

END.
